StationID,StationName,Date,Tmax,Tmin,Precip
CYQD,THE PAS,2019-05-01,3.3,-2,0
CYQD,THE PAS,2019-05-02,13.1,-1.7,0.3
CYQD,THE PAS,2019-05-03,4.9,-0.8,6.5
CYQD,THE PAS,2019-05-04,2.7,-1.5,6.5
CYQD,THE PAS,2019-05-05,2.7,-2.5,0.5
CYQD,THE PAS,2019-05-06,7.6,-4.3,0
CYQD,THE PAS,2019-05-07,6.8,-0.6,2.7
CYQD,THE PAS,2019-05-08,9.2,-2,0
CYQD,THE PAS,2019-05-09,13.4,-3.4,0
CYQD,THE PAS,2019-05-10,15.8,1.8,0
CYQD,THE PAS,2019-05-11,16.9,-2.7,0
CYQD,THE PAS,2019-05-12,20.2,1.5,0
CYQD,THE PAS,2019-05-13,19.2,1.3,0
CYQD,THE PAS,2019-05-14,14,-2.4,0
CYQD,THE PAS,2019-05-15,8.8,0.3,10.5
CYQD,THE PAS,2019-05-16,11,-0.9,0
CYQD,THE PAS,2019-05-17,10.1,-2.3,0
CYQD,THE PAS,2019-05-18,13.7,-3.2,0
CYQD,THE PAS,2019-05-19,15.5,-1.5,0
CYQD,THE PAS,2019-05-20,18.5,-0.3,0
CYQD,THE PAS,2019-05-21,21.7,6.3,0
CYQD,THE PAS,2019-05-22,19.8,3.5,0
CYQD,THE PAS,2019-05-23,15.8,1.9,0
CYQD,THE PAS,2019-05-24,19.3,5.6,0.3
CYQD,THE PAS,2019-05-25,11.8,2.9,2.6
CYQD,THE PAS,2019-05-26,15.2,1.6,0
CYQD,THE PAS,2019-05-27,22.7,6.6,0
CYQD,THE PAS,2019-05-28,21,3.4,0
CYQD,THE PAS,2019-05-29,15,6,0
CYQD,THE PAS,2019-05-30,12.9,5.1,0
CYQD,THE PAS,2019-05-31,15.7,0.9,0.3
CYQD,THE PAS,2019-06-01,14.1,-1.2,0
CYQD,THE PAS,2019-06-02,8.6,5.1,7.8
CYQD,THE PAS,2019-06-03,17.7,7.1,0.2
CYQD,THE PAS,2019-06-04,21.3,8.1,12.8
CYQD,THE PAS,2019-06-05,20.2,7.7,0.7
CYQD,THE PAS,2019-06-06,17.8,5.4,11.6
CYQD,THE PAS,2019-06-07,24.2,11.2,2.4
CYQD,THE PAS,2019-06-08,16.5,9.2,0.0
CYQD,THE PAS,2019-06-09,14.5,5.6,0.0
CYQD,THE PAS,2019-06-10,18.6,3.5,1.0
CYQD,THE PAS,2019-06-11,16.2,2.8,0.0
CYQD,THE PAS,2019-06-12,23.0,5.9,0.0
CYQD,THE PAS,2019-06-13,19.9,9.2,0.7
CYQD,THE PAS,2019-06-14,20.5,10.4,0.0
CYQD,THE PAS,2019-06-15,19.1,6.9,0.0
CYQD,THE PAS,2019-06-16,20.4,6.2,0.0
CYQD,THE PAS,2019-06-17,23.6,8.1,0.0
CYQD,THE PAS,2019-06-18,24.9,10.2,0.0
CYQD,THE PAS,2019-06-19,25.3,10.1,0.0
CYQD,THE PAS,2019-06-20,27.2,12.7,0.0
CYQD,THE PAS,2019-06-21,26.0,14.5,0.0
CYQD,THE PAS,2019-06-22,22.0,12.7,8.2
CYQD,THE PAS,2019-06-23,20.3,12.6,8.5
CYQD,THE PAS,2019-06-24,21.4,11.5,0.0
CYQD,THE PAS,2019-06-25,20.3,12.8,0.0
CYQD,THE PAS,2019-06-26,20.5,9.6,0.0
CYQD,THE PAS,2019-06-27,23.6,10.6,0.2
CYQD,THE PAS,2019-06-28,22.5,12.0,0.0
CYQD,THE PAS,2019-06-29,25.7,13.8,14.1
CYQD,THE PAS,2019-06-30,22.9,13.6,0.0
CYQD,THE PAS,2019-07-01,28.1,10.1,2.7
CYQD,THE PAS,2019-07-02,18.0,6.9,0.8
CYQD,THE PAS,2019-07-03,18.5,9.3,0.0
CYQD,THE PAS,2019-07-04,19.0,7.6,0.0
CYQD,THE PAS,2019-07-05,21.2,10.0,0.0
CYQD,THE PAS,2019-07-06,24.5,7.4,0.0
CYQD,THE PAS,2019-07-07,26.1,10.0,12.2
CYQD,THE PAS,2019-07-08,23.9,13.9,0.2
CYQD,THE PAS,2019-07-09,23.9,13.8,6.1
CYQD,THE PAS,2019-07-10,22.0,13.6,0.0
CYQD,THE PAS,2019-07-11,18.4,14.0,12.7
CYQD,THE PAS,2019-07-12,24.2,11.2,0.0
CYQD,THE PAS,2019-07-13,28.4,14.9,6.1
CYQD,THE PAS,2019-07-14,24.5,12.7,0.0
CYQD,THE PAS,2019-07-15,23.7,17.0,3.9
CYQD,THE PAS,2019-07-16,24.0,17.0,4.0
CYQD,THE PAS,2019-07-17,23.3,14.7,0.0
CYQD,THE PAS,2019-07-18,22.6,14.4,2.2
CYQD,THE PAS,2019-07-19,19.4,14.0,23.4
CYQD,THE PAS,2019-07-20,20.3,10.9,0.5
CYQD,THE PAS,2019-07-21,25.2,10.5,0.0
CYQD,THE PAS,2019-07-22,28.5,16.8,0.0
CYQD,THE PAS,2019-07-23,29.5,17.2,0.0
CYQD,THE PAS,2019-07-24,29.4,17.2,0.0
CYQD,THE PAS,2019-07-25,22.9,15.3,5.7
CYQD,THE PAS,2019-07-26,20.1,15.4,0.0
CYQD,THE PAS,2019-07-27,29.1,15.2,0.0
CYQD,THE PAS,2019-07-28,22.6,12.5,0.6
CYQD,THE PAS,2019-07-29,21.0,7.3,0.0
CYQD,THE PAS,2019-07-30,23.8,10.9,0.0
CYQD,THE PAS,2019-07-31,25.1,16.1,0.9
CYQD,THE PAS,2019-08-01,25.6,15.3,0.0
CWEQ,SWAN RIVER,2019-05-01,11.6,-3.2,0
CWEQ,SWAN RIVER,2019-05-02,16.4,-5.7,0
CWEQ,SWAN RIVER,2019-05-03,8.9,1,7.6
CWEQ,SWAN RIVER,2019-05-04,6.7,-1.1,0.2
CWEQ,SWAN RIVER,2019-05-05,0.7,-2,0.7
CWEQ,SWAN RIVER,2019-05-06,8.6,-6,0
CWEQ,SWAN RIVER,2019-05-07,10.5,-4.6,1.1
CWEQ,SWAN RIVER,2019-05-08,10.1,-2.7,0
CWEQ,SWAN RIVER,2019-05-09,13.5,-5.1,0
CWEQ,SWAN RIVER,2019-05-10,15.5,-0.6,0
CWEQ,SWAN RIVER,2019-05-11,16.7,2.3,0
CWEQ,SWAN RIVER,2019-05-12,20.3,0.8,0
CWEQ,SWAN RIVER,2019-05-13,23.5,5.6,0
CWEQ,SWAN RIVER,2019-05-14,19.5,1.8,0
CWEQ,SWAN RIVER,2019-05-15,13.5,2,12.2
CWEQ,SWAN RIVER,2019-05-16,13.4,-0.9,0
CWEQ,SWAN RIVER,2019-05-17,14.2,-2.3,0
CWEQ,SWAN RIVER,2019-05-18,13.1,-1.6,0
CWEQ,SWAN RIVER,2019-05-19,15.5,-2.4,0
CWEQ,SWAN RIVER,2019-05-20,20.3,-0.4,0
CWEQ,SWAN RIVER,2019-05-21,23,0.6,0
CWEQ,SWAN RIVER,2019-05-22,22.2,2.4,0
CWEQ,SWAN RIVER,2019-05-23,21.9,2.4,0
CWEQ,SWAN RIVER,2019-05-24,22.5,5.9,0
CWEQ,SWAN RIVER,2019-05-25,9.4,0.4,3.9
CWEQ,SWAN RIVER,2019-05-26,14.6,-1.6,0
CWEQ,SWAN RIVER,2019-05-27,22.8,0.3,0
CWEQ,SWAN RIVER,2019-05-28,25,10.2,0
CWEQ,SWAN RIVER,2019-05-29,31.4,6.2,0
CWEQ,SWAN RIVER,2019-05-30,24.5,4.6,0
CWEQ,SWAN RIVER,2019-05-31,18.8,3.9,0
CWEQ,SWAN RIVER,2019-06-01,16.7,3.1,0
CWEQ,SWAN RIVER,2019-06-02,20,0.3,0
CWEQ,SWAN RIVER,2019-06-03,22.5,7.5,3.9
CWEQ,SWAN RIVER,2019-06-04,24.9,9.9,0.0
CWEQ,SWAN RIVER,2019-06-05,24.3,7.6,0.0
CWEQ,SWAN RIVER,2019-06-06,24.5,5.9,0.0
CWEQ,SWAN RIVER,2019-06-07,29.3,12.3,0.0
CWEQ,SWAN RIVER,2019-06-08,17.3,9.7,0.0
CWEQ,SWAN RIVER,2019-06-09,17.3,4.1,1.9
CWEQ,SWAN RIVER,2019-06-10,22.5,2.9,0.0
CWEQ,SWAN RIVER,2019-06-11,19.8,4.4,0.0
CWEQ,SWAN RIVER,2019-06-12,24.3,1.9,0.0
CWEQ,SWAN RIVER,2019-06-13,27.1,8.1,0.0
CWEQ,SWAN RIVER,2019-06-14,24.4,13.4,0.0
CWEQ,SWAN RIVER,2019-06-15,18.0,11.6,0.0
CWEQ,SWAN RIVER,2019-06-16,22.0,9.9,0.0
CWEQ,SWAN RIVER,2019-06-17,23.8,5.1,0.0
CWEQ,SWAN RIVER,2019-06-18,25.5,3.8,0.0
CWEQ,SWAN RIVER,2019-06-19,27.2,5.1,0.0
CWEQ,SWAN RIVER,2019-06-20,27.1,8.3,0.2
CWEQ,SWAN RIVER,2019-06-21,25.5,11.1,4.9
CWEQ,SWAN RIVER,2019-06-22,19.8,12.2,5.1
CWEQ,SWAN RIVER,2019-06-23,21.8,10.9,0.0
CWEQ,SWAN RIVER,2019-06-24,24.8,10.7,0.0
CWEQ,SWAN RIVER,2019-06-25,22.0,11.8,0.3
CWEQ,SWAN RIVER,2019-06-26,24.5,9.7,1.7
CWEQ,SWAN RIVER,2019-06-27,27.1,10.4,0.0
CWEQ,SWAN RIVER,2019-06-28,26.5,14.1,7.4
CWEQ,SWAN RIVER,2019-06-29,29.5,15.8,0.7
CWEQ,SWAN RIVER,2019-06-30,24.9,13.1,0.0
CWEQ,SWAN RIVER,2019-07-01,28.7,11.5,3.3
CWEQ,SWAN RIVER,2019-07-02,21.8,9.3,0.2
CWEQ,SWAN RIVER,2019-07-03,22.4,11.3,0.0
CWEQ,SWAN RIVER,2019-07-04,24.4,9.1,0.0
CWEQ,SWAN RIVER,2019-07-05,21.4,6.9,0.0
CWEQ,SWAN RIVER,2019-07-06,23.6,7.7,0.0
CWEQ,SWAN RIVER,2019-07-07,29.6,12.0,2.8
CWEQ,SWAN RIVER,2019-07-08,27.1,14.9,10.7
CWEQ,SWAN RIVER,2019-07-09,23.7,13.6,0.0
CWEQ,SWAN RIVER,2019-07-10,24.8,10.0,0.0
CWEQ,SWAN RIVER,2019-07-11,28.9,12.5,1.8
CWEQ,SWAN RIVER,2019-07-12,24.5,13.4,1.1
CWEQ,SWAN RIVER,2019-07-13,29.3,12.3,0.0
CWEQ,SWAN RIVER,2019-07-14,27.5,16.7,0.6
CWEQ,SWAN RIVER,2019-07-15,26.4,15.2,18.0
CWEQ,SWAN RIVER,2019-07-16,23.0,13.3,0.0
CWEQ,SWAN RIVER,2019-07-17,21.3,15.0,3.7
CWEQ,SWAN RIVER,2019-07-18,23.5,13.1,7.0
CWEQ,SWAN RIVER,2019-07-19,19.7,11.9,0.0
CWEQ,SWAN RIVER,2019-07-20,20.8,9.7,0.0
CWEQ,SWAN RIVER,2019-07-21,23.3,7.7,0.0
CWEQ,SWAN RIVER,2019-07-22,27.3,12.5,0.0
CWEQ,SWAN RIVER,2019-07-23,28.0,12.4,0.0
CWEQ,SWAN RIVER,2019-07-24,31.8,11.8,0.0
CWEQ,SWAN RIVER,2019-07-25,24.9,15.3,0.9
CWEQ,SWAN RIVER,2019-07-26,23.7,13.7,7.2
CWEQ,SWAN RIVER,2019-07-27,28.8,13.9,0.0
CWEQ,SWAN RIVER,2019-07-28,24.9,12.9,0.0
CWEQ,SWAN RIVER,2019-07-29,21.9,5.8,0.0
CWEQ,SWAN RIVER,2019-07-30,,,
CWEQ,SWAN RIVER,2019-07-31,28.6,12.1,2.1
CWEQ,SWAN RIVER,2019-08-01,27.7,11.7,0.8
CWXB,ROBLIN MCDC,2019-05-01,10.8,-3.5,0
CWXB,ROBLIN MCDC,2019-05-02,13.8,-4.4,0.6
CWXB,ROBLIN MCDC,2019-05-03,12.8,0.6,1.8
CWXB,ROBLIN MCDC,2019-05-04,9.3,-2.2,0
CWXB,ROBLIN MCDC,2019-05-05,3.1,-5.6,0
CWXB,ROBLIN MCDC,2019-05-06,7.5,-2.8,0
CWXB,ROBLIN MCDC,2019-05-07,15.2,-4.6,0
CWXB,ROBLIN MCDC,2019-05-08,9.2,-1.8,0
CWXB,ROBLIN MCDC,2019-05-09,11.9,-6.8,0
CWXB,ROBLIN MCDC,2019-05-10,14,-1.3,0.4
CWXB,ROBLIN MCDC,2019-05-11,14.6,4,0.4
CWXB,ROBLIN MCDC,2019-05-12,18.9,-0.7,0
CWXB,ROBLIN MCDC,2019-05-13,23.1,5.6,0
CWXB,ROBLIN MCDC,2019-05-14,19.1,4.1,0
CWXB,ROBLIN MCDC,2019-05-15,15.6,5,3.5
CWXB,ROBLIN MCDC,2019-05-16,12.9,0.5,0
CWXB,ROBLIN MCDC,2019-05-17,16,-2.5,0
CWXB,ROBLIN MCDC,2019-05-18,11.9,0.7,0
CWXB,ROBLIN MCDC,2019-05-19,14.2,0.5,0
CWXB,ROBLIN MCDC,2019-05-20,18.9,2.4,0
CWXB,ROBLIN MCDC,2019-05-21,21.3,4,0
CWXB,ROBLIN MCDC,2019-05-22,20.4,7.1,0.2
CWXB,ROBLIN MCDC,2019-05-23,21.9,4.2,0
CWXB,ROBLIN MCDC,2019-05-24,16.2,4.2,0
CWXB,ROBLIN MCDC,2019-05-25,14.4,0.1,0.8
CWXB,ROBLIN MCDC,2019-05-26,13.8,-1,0
CWXB,ROBLIN MCDC,2019-05-27,20.2,-2.2,0
CWXB,ROBLIN MCDC,2019-05-28,26.9,3.7,0
CWXB,ROBLIN MCDC,2019-05-29,31.1,8,0
CWXB,ROBLIN MCDC,2019-05-30,31.9,8.3,0.2
CWXB,ROBLIN MCDC,2019-05-31,17.1,3.5,0
CWXB,ROBLIN MCDC,2019-06-01,19.2,2.6,0
CWXB,ROBLIN MCDC,2019-06-02,20.4,3.1,0
CWXB,ROBLIN MCDC,2019-06-03,27.1,8.4,1.9
CWXB,ROBLIN MCDC,2019-06-04,24.4,11.1,0.7
CWXB,ROBLIN MCDC,2019-06-05,25.3,7.9,0.0
CWXB,ROBLIN MCDC,2019-06-06,26.5,5.6,0.3
CWXB,ROBLIN MCDC,2019-06-07,27.7,14.0,9.6
CWXB,ROBLIN MCDC,2019-06-08,15.1,6.2,1.4
CWXB,ROBLIN MCDC,2019-06-09,17.2,2.8,0.0
CWXB,ROBLIN MCDC,2019-06-10,21.4,0.1,0.0
CWXB,ROBLIN MCDC,2019-06-11,19.5,7.4,0.0
CWXB,ROBLIN MCDC,2019-06-12,21.9,4.3,0.0
CWXB,ROBLIN MCDC,2019-06-13,24.9,9.0,0.0
CWXB,ROBLIN MCDC,2019-06-14,24.7,10.6,1.4
CWXB,ROBLIN MCDC,2019-06-15,12.3,8.9,15.5
CWXB,ROBLIN MCDC,2019-06-16,16.7,8.7,2.4
CWXB,ROBLIN MCDC,2019-06-17,21.1,10.4,0.0
CWXB,ROBLIN MCDC,2019-06-18,22.2,6.3,0.0
CWXB,ROBLIN MCDC,2019-06-19,23.2,7.4,0.0
CWXB,ROBLIN MCDC,2019-06-20,22.4,8.9,1.3
CWXB,ROBLIN MCDC,2019-06-21,23.0,7.4,1.6
CWXB,ROBLIN MCDC,2019-06-22,17.8,9.9,10.7
CWXB,ROBLIN MCDC,2019-06-23,20.0,11.4,0.0
CWXB,ROBLIN MCDC,2019-06-24,23.0,8.1,0.2
CWXB,ROBLIN MCDC,2019-06-25,19.8,9.7,6.1
CWXB,ROBLIN MCDC,2019-06-26,23.1,7.7,0.0
CWXB,ROBLIN MCDC,2019-06-27,25.1,11.2,0.0
CWXB,ROBLIN MCDC,2019-06-28,27.0,14.1,0.0
CWXB,ROBLIN MCDC,2019-06-29,24.9,15.4,6.6
CWXB,ROBLIN MCDC,2019-06-30,23.3,12.1,0.0
CWXB,ROBLIN MCDC,2019-07-01,25.2,10.3,3.1
CWXB,ROBLIN MCDC,2019-07-02,19.4,8.7,0.0
CWXB,ROBLIN MCDC,2019-07-03,21.1,8.6,0.0
CWXB,ROBLIN MCDC,2019-07-04,22.7,8.2,0.0
CWXB,ROBLIN MCDC,2019-07-05,21.9,9.1,0.0
CWXB,ROBLIN MCDC,2019-07-06,20.5,7.6,0.0
CWXB,ROBLIN MCDC,2019-07-07,26.7,11.7,0.0
CWXB,ROBLIN MCDC,2019-07-08,26.7,13.6,2.9
CWXB,ROBLIN MCDC,2019-07-09,22.5,12.3,0.2
CWXB,ROBLIN MCDC,2019-07-10,24.1,12.3,0.0
CWXB,ROBLIN MCDC,2019-07-11,27.9,12.7,0.6
CWXB,ROBLIN MCDC,2019-07-12,23.5,11.4,0.0
CWXB,ROBLIN MCDC,2019-07-13,27.3,8.7,0.0
CWXB,ROBLIN MCDC,2019-07-14,29.2,16.4,0.3
CWXB,ROBLIN MCDC,2019-07-15,24.4,14.7,12.2
CWXB,ROBLIN MCDC,2019-07-16,23.5,10.6,0.0
CWXB,ROBLIN MCDC,2019-07-17,23.5,13.9,39.6
CWXB,ROBLIN MCDC,2019-07-18,23.7,11.7,1.7
CWXB,ROBLIN MCDC,2019-07-19,17.9,9.6,6.5
CWXB,ROBLIN MCDC,2019-07-20,21.5,11.1,1.7
CWXB,ROBLIN MCDC,2019-07-21,21.6,11.0,0.2
CWXB,ROBLIN MCDC,2019-07-22,24.7,9.8,0.0
CWXB,ROBLIN MCDC,2019-07-23,25.3,10.4,0.0
CWXB,ROBLIN MCDC,2019-07-24,29.0,12.8,0.0
CWXB,ROBLIN MCDC,2019-07-25,21.9,14.0,0.2
CWXB,ROBLIN MCDC,2019-07-26,22.1,13.1,3.6
CWXB,ROBLIN MCDC,2019-07-27,27.8,9.9,0.4
CWXB,ROBLIN MCDC,2019-07-28,21.8,12.1,0.0
CWXB,ROBLIN MCDC,2019-07-29,19.5,6.0,0.0
CWXB,ROBLIN MCDC,2019-07-30,24.4,5.2,0.3
CWXB,ROBLIN MCDC,2019-07-31,25.5,14.4,9.8
CWXB,ROBLIN MCDC,2019-08-01,25.8,13.0,0.0
CYDN,DAUPHIN ARPT,2019-05-01,12.4,-2.3,0
CYDN,DAUPHIN ARPT,2019-05-02,16.4,-6.8,0
CYDN,DAUPHIN ARPT,2019-05-03,13.6,3.3,2.5
CYDN,DAUPHIN ARPT,2019-05-04,11.6,-2.9,0
CYDN,DAUPHIN ARPT,2019-05-05,2.4,-3.4,0
CYDN,DAUPHIN ARPT,2019-05-06,7.8,-1.8,0
CYDN,DAUPHIN ARPT,2019-05-07,17,-5,2.4
CYDN,DAUPHIN ARPT,2019-05-08,9.1,-4.7,0.7
CYDN,DAUPHIN ARPT,2019-05-09,12,-6.1,0
CYDN,DAUPHIN ARPT,2019-05-10,16.3,3.8,0.5
CYDN,DAUPHIN ARPT,2019-05-11,14,1.2,0
CYDN,DAUPHIN ARPT,2019-05-12,20.3,-0.9,0
CYDN,DAUPHIN ARPT,2019-05-13,25.7,10.9,0
CYDN,DAUPHIN ARPT,2019-05-14,16.3,2.1,0
CYDN,DAUPHIN ARPT,2019-05-15,16.5,1.3,4.1
CYDN,DAUPHIN ARPT,2019-05-16,12.7,-1.6,0
CYDN,DAUPHIN ARPT,2019-05-17,15.2,-3,0
CYDN,DAUPHIN ARPT,2019-05-18,12.8,1.1,0
CYDN,DAUPHIN ARPT,2019-05-19,14.8,-2.9,0
CYDN,DAUPHIN ARPT,2019-05-20,19.5,3.6,0
CYDN,DAUPHIN ARPT,2019-05-21,22.8,-0.4,0
CYDN,DAUPHIN ARPT,2019-05-22,22,2.7,0
CYDN,DAUPHIN ARPT,2019-05-23,20,3,0
CYDN,DAUPHIN ARPT,2019-05-24,16.4,3.2,0.7
CYDN,DAUPHIN ARPT,2019-05-25,13.1,3.1,0
CYDN,DAUPHIN ARPT,2019-05-26,13.8,-3.7,0
CYDN,DAUPHIN ARPT,2019-05-27,21.3,-3.5,0
CYDN,DAUPHIN ARPT,2019-05-28,27,10.7,0
CYDN,DAUPHIN ARPT,2019-05-29,28.5,10.2,0
CYDN,DAUPHIN ARPT,2019-05-30,27.3,6.4,0
CYDN,DAUPHIN ARPT,2019-05-31,15.5,2.7,0
CYDN,DAUPHIN ARPT,2019-06-01,16.4,2.1,0
CYDN,DAUPHIN ARPT,2019-06-02,19.7,-1.1,0
CYDN,DAUPHIN ARPT,2019-06-03,23.5,7.6,25.5
CYDN,DAUPHIN ARPT,2019-06-04,23.1,9.8,0.0
CYDN,DAUPHIN ARPT,2019-06-05,22.0,6.5,0.9
CYDN,DAUPHIN ARPT,2019-06-06,26.7,6.2,0.0
CYDN,DAUPHIN ARPT,2019-06-07,28.7,14.5,9.9
CYDN,DAUPHIN ARPT,2019-06-08,18.8,6.2,0.2
CYDN,DAUPHIN ARPT,2019-06-09,19.5,5.9,0.0
CYDN,DAUPHIN ARPT,2019-06-10,21.5,4.2,0.0
CYDN,DAUPHIN ARPT,2019-06-11,18.0,8.4,0.0
CYDN,DAUPHIN ARPT,2019-06-12,23.0,2.2,0.0
CYDN,DAUPHIN ARPT,2019-06-13,25.8,10.7,0.0
CYDN,DAUPHIN ARPT,2019-06-14,25.6,14.0,0.0
CYDN,DAUPHIN ARPT,2019-06-15,15.9,10.4,2.0
CYDN,DAUPHIN ARPT,2019-06-16,18.9,10.1,1.2
CYDN,DAUPHIN ARPT,2019-06-17,23.3,9.3,0.0
CYDN,DAUPHIN ARPT,2019-06-18,24.0,6.2,0.0
CYDN,DAUPHIN ARPT,2019-06-19,25.7,6.9,0.0
CYDN,DAUPHIN ARPT,2019-06-20,25.6,8.5,0.0
CYDN,DAUPHIN ARPT,2019-06-21,25.3,11.3,5.8
CYDN,DAUPHIN ARPT,2019-06-22,22.9,11.7,3.5
CYDN,DAUPHIN ARPT,2019-06-23,22.7,12.5,0.5
CYDN,DAUPHIN ARPT,2019-06-24,25.9,12.2,0.0
CYDN,DAUPHIN ARPT,2019-06-25,23.2,12.0,0.3
CYDN,DAUPHIN ARPT,2019-06-26,25.9,9.1,0.0
CYDN,DAUPHIN ARPT,2019-06-27,27.3,9.5,0.0
CYDN,DAUPHIN ARPT,2019-06-28,28.8,11.8,0.0
CYDN,DAUPHIN ARPT,2019-06-29,27.8,15.2,10.5
CYDN,DAUPHIN ARPT,2019-06-30,25.3,13.3,0.0
CYDN,DAUPHIN ARPT,2019-07-01,27.5,12.8,2.8
CYDN,DAUPHIN ARPT,2019-07-02,20.9,12.7,3.9
CYDN,DAUPHIN ARPT,2019-07-03,22.5,11.1,0.0
CYDN,DAUPHIN ARPT,2019-07-04,24.5,8.5,0.0
CYDN,DAUPHIN ARPT,2019-07-05,21.7,8.6,0.0
CYDN,DAUPHIN ARPT,2019-07-06,25.3,5.9,0.0
CYDN,DAUPHIN ARPT,2019-07-07,27.8,11.6,2.2
CYDN,DAUPHIN ARPT,2019-07-08,29.7,16.2,2.5
CYDN,DAUPHIN ARPT,2019-07-09,23.3,14.1,10.0
CYDN,DAUPHIN ARPT,2019-07-10,25.6,15.0,0.0
CYDN,DAUPHIN ARPT,2019-07-11,28.7,15.6,0.3
CYDN,DAUPHIN ARPT,2019-07-12,24.0,12.8,0.0
CYDN,DAUPHIN ARPT,2019-07-13,29.2,9.9,0.0
CYDN,DAUPHIN ARPT,2019-07-14,31.4,17.0,25.4
CYDN,DAUPHIN ARPT,2019-07-15,26.7,15.6,2.1
CYDN,DAUPHIN ARPT,2019-07-16,24.0,12.5,0.0
CYDN,DAUPHIN ARPT,2019-07-17,25.6,15.8,5.0
CYDN,DAUPHIN ARPT,2019-07-18,26.5,14.4,2.0
CYDN,DAUPHIN ARPT,2019-07-19,21.5,11.5,3.9
CYDN,DAUPHIN ARPT,2019-07-20,21.8,11.2,4.1
CYDN,DAUPHIN ARPT,2019-07-21,23.5,7.6,0.0
CYDN,DAUPHIN ARPT,2019-07-22,26.6,11.2,0.0
CYDN,DAUPHIN ARPT,2019-07-23,28.0,12.1,0.0
CYDN,DAUPHIN ARPT,2019-07-24,30.3,12.8,0.0
CYDN,DAUPHIN ARPT,2019-07-25,26.4,15.6,0.0
CYDN,DAUPHIN ARPT,2019-07-26,25.7,15.5,1.2
CYDN,DAUPHIN ARPT,2019-07-27,30.6,14.3,0.0
CYDN,DAUPHIN ARPT,2019-07-28,25.6,15.2,0.0
CYDN,DAUPHIN ARPT,2019-07-29,21.0,6.4,0.0
CYDN,DAUPHIN ARPT,2019-07-30,25.9,4.5,0.0
CYDN,DAUPHIN ARPT,2019-07-31,,,
CYDN,DAUPHIN ARPT,2019-08-01,28.1,12.4,0.0
CWUT,SHOAL LAKE ARPT,2019-05-01,11.4,-3.1,0
CWUT,SHOAL LAKE ARPT,2019-05-02,14.6,-4.7,0
CWUT,SHOAL LAKE ARPT,2019-05-03,15.3,1.5,0
CWUT,SHOAL LAKE ARPT,2019-05-04,9.7,-2.1,0.3
CWUT,SHOAL LAKE ARPT,2019-05-05,3.3,-6.9,0
CWUT,SHOAL LAKE ARPT,2019-05-06,7.4,-6.4,0
CWUT,SHOAL LAKE ARPT,2019-05-07,15.5,-3.7,0
CWUT,SHOAL LAKE ARPT,2019-05-08,8.9,-3.8,0
CWUT,SHOAL LAKE ARPT,2019-05-09,10.8,-5.1,0
CWUT,SHOAL LAKE ARPT,2019-05-10,15.6,-2.9,0
CWUT,SHOAL LAKE ARPT,2019-05-11,14.8,4.3,0
CWUT,SHOAL LAKE ARPT,2019-05-12,18,0.6,0
CWUT,SHOAL LAKE ARPT,2019-05-13,24.2,6.2,0
CWUT,SHOAL LAKE ARPT,2019-05-14,19,5,0
CWUT,SHOAL LAKE ARPT,2019-05-15,17.2,4.9,2.1
CWUT,SHOAL LAKE ARPT,2019-05-16,13.5,2,0
CWUT,SHOAL LAKE ARPT,2019-05-17,16.1,-2.4,0
CWUT,SHOAL LAKE ARPT,2019-05-18,9.8,0.6,0
CWUT,SHOAL LAKE ARPT,2019-05-19,13.9,-0.8,0
CWUT,SHOAL LAKE ARPT,2019-05-20,18.9,1.4,0
CWUT,SHOAL LAKE ARPT,2019-05-21,21,2.7,0
CWUT,SHOAL LAKE ARPT,2019-05-22,18.3,4.6,0
CWUT,SHOAL LAKE ARPT,2019-05-23,21.5,4.3,0
CWUT,SHOAL LAKE ARPT,2019-05-24,13.8,5.4,7.2
CWUT,SHOAL LAKE ARPT,2019-05-25,18.7,1.6,1.6
CWUT,SHOAL LAKE ARPT,2019-05-26,13.9,3.4,0.7
CWUT,SHOAL LAKE ARPT,2019-05-27,18.7,-1.3,0
CWUT,SHOAL LAKE ARPT,2019-05-28,25.9,3.1,0
CWUT,SHOAL LAKE ARPT,2019-05-29,29.6,9.7,0
CWUT,SHOAL LAKE ARPT,2019-05-30,30.7,8.5,0
CWUT,SHOAL LAKE ARPT,2019-05-31,15.9,3.2,0
CWUT,SHOAL LAKE ARPT,2019-06-01,19,1.7,0
CWUT,SHOAL LAKE ARPT,2019-06-02,19.6,1.6,0
CWUT,SHOAL LAKE ARPT,2019-06-03,30.3,11.5,4.5
CWUT,SHOAL LAKE ARPT,2019-06-04,23.6,10.8,0.7
CWUT,SHOAL LAKE ARPT,2019-06-05,21.1,6.9,6.2
CWUT,SHOAL LAKE ARPT,2019-06-06,24.7,6.9,0.0
CWUT,SHOAL LAKE ARPT,2019-06-07,29.6,14.3,4.8
CWUT,SHOAL LAKE ARPT,2019-06-08,17.9,5.8,0.3
CWUT,SHOAL LAKE ARPT,2019-06-09,18.5,2.7,0.0
CWUT,SHOAL LAKE ARPT,2019-06-10,19.9,2.3,0.0
CWUT,SHOAL LAKE ARPT,2019-06-11,19.0,6.2,0.0
CWUT,SHOAL LAKE ARPT,2019-06-12,21.0,2.8,0.0
CWUT,SHOAL LAKE ARPT,2019-06-13,24.8,9.9,0.0
CWUT,SHOAL LAKE ARPT,2019-06-14,25.5,12.2,0.0
CWUT,SHOAL LAKE ARPT,2019-06-15,12.4,9.0,10.0
CWUT,SHOAL LAKE ARPT,2019-06-16,16.0,8.7,10.4
CWUT,SHOAL LAKE ARPT,2019-06-17,21.5,10.1,0.0
CWUT,SHOAL LAKE ARPT,2019-06-18,22.4,7.2,0.0
CWUT,SHOAL LAKE ARPT,2019-06-19,22.7,8.0,0.0
CWUT,SHOAL LAKE ARPT,2019-06-20,20.2,9.3,0.4
CWUT,SHOAL LAKE ARPT,2019-06-21,21.5,8.8,9.1
CWUT,SHOAL LAKE ARPT,2019-06-22,20.3,10.0,3.6
CWUT,SHOAL LAKE ARPT,2019-06-23,20.6,12.0,0.0
CWUT,SHOAL LAKE ARPT,2019-06-24,23.2,8.9,0.0
CWUT,SHOAL LAKE ARPT,2019-06-25,21.4,10.6,2.6
CWUT,SHOAL LAKE ARPT,2019-06-26,23.9,8.0,0.0
CWUT,SHOAL LAKE ARPT,2019-06-27,25.8,9.9,0.0
CWUT,SHOAL LAKE ARPT,2019-06-28,27.0,13.2,0.0
CWUT,SHOAL LAKE ARPT,2019-06-29,26.5,15.5,8.8
CWUT,SHOAL LAKE ARPT,2019-06-30,24.6,13.6,0.0
CWUT,SHOAL LAKE ARPT,2019-07-01,26.0,9.1,9.0
CWUT,SHOAL LAKE ARPT,2019-07-02,18.8,10.5,0.0
CWUT,SHOAL LAKE ARPT,2019-07-03,20.0,9.0,0.0
CWUT,SHOAL LAKE ARPT,2019-07-04,22.1,7.2,0.0
CWUT,SHOAL LAKE ARPT,2019-07-05,21.8,10.6,0.0
CWUT,SHOAL LAKE ARPT,2019-07-06,23.4,9.4,7.4
CWUT,SHOAL LAKE ARPT,2019-07-07,25.6,14.4,9.0
CWUT,SHOAL LAKE ARPT,2019-07-08,26.9,16.5,0.0
CWUT,SHOAL LAKE ARPT,2019-07-09,21.2,15.4,4.3
CWUT,SHOAL LAKE ARPT,2019-07-10,24.1,14.0,0.0
CWUT,SHOAL LAKE ARPT,2019-07-11,28.4,13.6,0.0
CWUT,SHOAL LAKE ARPT,2019-07-12,23.1,11.6,0.0
CWUT,SHOAL LAKE ARPT,2019-07-13,26.9,9.1,0.0
CWUT,SHOAL LAKE ARPT,2019-07-14,29.0,16.1,17.9
CWUT,SHOAL LAKE ARPT,2019-07-15,24.8,15.1,3.0
CWUT,SHOAL LAKE ARPT,2019-07-16,24.1,11.6,0.0
CWUT,SHOAL LAKE ARPT,2019-07-17,23.8,14.5,0.7
CWUT,SHOAL LAKE ARPT,2019-07-18,24.6,12.3,2.5
CWUT,SHOAL LAKE ARPT,2019-07-19,20.9,10.9,0.0
CWUT,SHOAL LAKE ARPT,2019-07-20,20.8,9.6,0.6
CWUT,SHOAL LAKE ARPT,2019-07-21,21.9,10.6,0.0
CWUT,SHOAL LAKE ARPT,2019-07-22,24.8,8.9,0.0
CWUT,SHOAL LAKE ARPT,2019-07-23,25.8,8.1,0.0
CWUT,SHOAL LAKE ARPT,2019-07-24,28.3,14.1,0.0
CWUT,SHOAL LAKE ARPT,2019-07-25,25.0,14.7,0.0
CWUT,SHOAL LAKE ARPT,2019-07-26,22.4,13.7,1.1
CWUT,SHOAL LAKE ARPT,2019-07-27,28.5,11.4,0.0
CWUT,SHOAL LAKE ARPT,2019-07-28,23.2,13.9,2.2
CWUT,SHOAL LAKE ARPT,2019-07-29,20.4,6.7,0.0
CWUT,SHOAL LAKE ARPT,2019-07-30,24.0,5.2,0.0
CWUT,SHOAL LAKE ARPT,2019-07-31,28.6,13.1,0.0
CWUT,SHOAL LAKE ARPT,2019-08-01,28.3,11.6,0.0
CYBR,BRANDON ARPT,2019-05-01,10.5,-5.5,0
CYBR,BRANDON ARPT,2019-05-02,15.5,-4,0
CYBR,BRANDON ARPT,2019-05-03,15.3,4.3,1.4
CYBR,BRANDON ARPT,2019-05-04,11.5,-0.7,0
CYBR,BRANDON ARPT,2019-05-05,5.4,-6.4,0
CYBR,BRANDON ARPT,2019-05-06,7.7,-8,0
CYBR,BRANDON ARPT,2019-05-07,16,-6.5,0
CYBR,BRANDON ARPT,2019-05-08,11.1,-1.2,0
CYBR,BRANDON ARPT,2019-05-09,12.4,-4.4,0
CYBR,BRANDON ARPT,2019-05-10,18.2,-2.8,0
CYBR,BRANDON ARPT,2019-05-11,16.1,4.8,0
CYBR,BRANDON ARPT,2019-05-12,18.9,-1.5,0
CYBR,BRANDON ARPT,2019-05-13,26.2,7.3,0
CYBR,BRANDON ARPT,2019-05-14,20.2,5.6,0
CYBR,BRANDON ARPT,2019-05-15,18,3.7,4.5
CYBR,BRANDON ARPT,2019-05-16,14.5,1.3,0
CYBR,BRANDON ARPT,2019-05-17,16.1,-2.2,0
CYBR,BRANDON ARPT,2019-05-18,11.7,1.7,0
CYBR,BRANDON ARPT,2019-05-19,14.6,2.7,0
CYBR,BRANDON ARPT,2019-05-20,19.8,4.1,0
CYBR,BRANDON ARPT,2019-05-21,22,4.9,0
CYBR,BRANDON ARPT,2019-05-22,16.9,6.2,0
CYBR,BRANDON ARPT,2019-05-23,21.9,3.7,0
CYBR,BRANDON ARPT,2019-05-24,11.5,4.1,9.9
CYBR,BRANDON ARPT,2019-05-25,21.1,3.3,8.5
CYBR,BRANDON ARPT,2019-05-26,10.1,1.9,15.8
CYBR,BRANDON ARPT,2019-05-27,18.5,0.6,0
CYBR,BRANDON ARPT,2019-05-28,26.2,3.3,0
CYBR,BRANDON ARPT,2019-05-29,28.9,8.5,0
CYBR,BRANDON ARPT,2019-05-30,32,11.2,0
CYBR,BRANDON ARPT,2019-05-31,16.3,5.6,0
CYBR,BRANDON ARPT,2019-06-01,20.1,3.9,0
CYBR,BRANDON ARPT,2019-06-02,20.4,2.2,0
CYBR,BRANDON ARPT,2019-06-03,31.2,8.5,2.2
CYBR,BRANDON ARPT,2019-06-04,25.3,11.4,0.0
CYBR,BRANDON ARPT,2019-06-05,26.4,6.5,4.0
CYBR,BRANDON ARPT,2019-06-06,26.3,8.7,0.0
CYBR,BRANDON ARPT,2019-06-07,32.5,15.9,0.0
CYBR,BRANDON ARPT,2019-06-08,20.4,6.4,3.7
CYBR,BRANDON ARPT,2019-06-09,19.9,5.7,0.0
CYBR,BRANDON ARPT,2019-06-10,20.9,4.4,0.0
CYBR,BRANDON ARPT,2019-06-11,20.9,6.1,0.0
CYBR,BRANDON ARPT,2019-06-12,21.8,3.7,0.0
CYBR,BRANDON ARPT,2019-06-13,25.9,8.8,0.0
CYBR,BRANDON ARPT,2019-06-14,26.0,11.5,0.0
CYBR,BRANDON ARPT,2019-06-15,17.1,9.1,22.9
CYBR,BRANDON ARPT,2019-06-16,14.8,9.5,1.6
CYBR,BRANDON ARPT,2019-06-17,20.6,10.7,0.0
CYBR,BRANDON ARPT,2019-06-18,23.0,8.3,0.0
CYBR,BRANDON ARPT,2019-06-19,24.0,7.5,0.0
CYBR,BRANDON ARPT,2019-06-20,21.6,9.3,1.7
CYBR,BRANDON ARPT,2019-06-21,19.3,11.9,26.6
CYBR,BRANDON ARPT,2019-06-22,21.6,10.6,1.8
CYBR,BRANDON ARPT,2019-06-23,22.5,13.2,0.0
CYBR,BRANDON ARPT,2019-06-24,24.6,9.8,1.0
CYBR,BRANDON ARPT,2019-06-25,24.6,12.6,0.0
CYBR,BRANDON ARPT,2019-06-26,26.6,9.8,0.0
CYBR,BRANDON ARPT,2019-06-27,26.9,10.9,0.0
CYBR,BRANDON ARPT,2019-06-28,28.3,14.7,0.0
CYBR,BRANDON ARPT,2019-06-29,27.3,15.9,8.3
CYBR,BRANDON ARPT,2019-06-30,27.2,13.8,0.0
CYBR,BRANDON ARPT,2019-07-01,27.1,10.3,0.0
CYBR,BRANDON ARPT,2019-07-02,20.5,12.6,5.7
CYBR,BRANDON ARPT,2019-07-03,21.9,10.4,0.0
CYBR,BRANDON ARPT,2019-07-04,24.6,9.3,0.0
CYBR,BRANDON ARPT,2019-07-05,24.3,11.9,0.0
CYBR,BRANDON ARPT,2019-07-06,24.3,10.0,0.0
CYBR,BRANDON ARPT,2019-07-07,27.5,14.1,0.0
CYBR,BRANDON ARPT,2019-07-08,29.3,18.0,0.9
CYBR,BRANDON ARPT,2019-07-09,20.2,16.1,15.2
CYBR,BRANDON ARPT,2019-07-10,25.4,16.6,0.2
CYBR,BRANDON ARPT,2019-07-11,29.0,14.2,1.3
CYBR,BRANDON ARPT,2019-07-12,25.2,13.4,0.0
CYBR,BRANDON ARPT,2019-07-13,28.3,12.2,3.6
CYBR,BRANDON ARPT,2019-07-14,30.7,17.6,6.9
CYBR,BRANDON ARPT,2019-07-15,27.0,16.5,0.0
CYBR,BRANDON ARPT,2019-07-16,26.0,13.2,0.0
CYBR,BRANDON ARPT,2019-07-17,25.6,15.2,6.0
CYBR,BRANDON ARPT,2019-07-18,26.7,13.6,1.0
CYBR,BRANDON ARPT,2019-07-19,23.6,11.2,0.0
CYBR,BRANDON ARPT,2019-07-20,22.2,9.5,0.0
CYBR,BRANDON ARPT,2019-07-21,23.1,11.4,0.0
CYBR,BRANDON ARPT,2019-07-22,26.9,9.7,0.0
CYBR,BRANDON ARPT,2019-07-23,27.4,10.9,0.0
CYBR,BRANDON ARPT,2019-07-24,29.4,13.4,0.0
CYBR,BRANDON ARPT,2019-07-25,27.4,16.6,0.0
CYBR,BRANDON ARPT,2019-07-26,24.5,14.5,0.0
CYBR,BRANDON ARPT,2019-07-27,29.6,11.5,0.0
CYBR,BRANDON ARPT,2019-07-28,26.9,15.6,0.0
CYBR,BRANDON ARPT,2019-07-29,22.2,8.4,0.0
CYBR,BRANDON ARPT,2019-07-30,25.0,6.5,0.0
CYBR,BRANDON ARPT,2019-07-31,30.5,8.8,0.0
CYBR,BRANDON ARPT,2019-08-01,30.1,13.0,0.0
CWZE,CARBERRY MCDC,2019-05-01,10.3,-4.8,0
CWZE,CARBERRY MCDC,2019-05-02,15.4,-4,0
CWZE,CARBERRY MCDC,2019-05-03,15.8,4.4,1
CWZE,CARBERRY MCDC,2019-05-04,12.6,-1.1,0
CWZE,CARBERRY MCDC,2019-05-05,5.1,-6.7,0
CWZE,CARBERRY MCDC,2019-05-06,8.1,-6.6,0
CWZE,CARBERRY MCDC,2019-05-07,16,-4.9,0
CWZE,CARBERRY MCDC,2019-05-08,9.8,-1.2,0
CWZE,CARBERRY MCDC,2019-05-09,12.3,-3.8,0
CWZE,CARBERRY MCDC,2019-05-10,17.7,-2.9,0
CWZE,CARBERRY MCDC,2019-05-11,17.4,5,0
CWZE,CARBERRY MCDC,2019-05-12,19.2,-2.6,0
CWZE,CARBERRY MCDC,2019-05-13,27,10,0
CWZE,CARBERRY MCDC,2019-05-14,19.2,5.4,0
CWZE,CARBERRY MCDC,2019-05-15,15.1,3.6,4.4
CWZE,CARBERRY MCDC,2019-05-16,13.2,1.3,0
CWZE,CARBERRY MCDC,2019-05-17,15.8,-3.9,0
CWZE,CARBERRY MCDC,2019-05-18,12.2,1.7,0
CWZE,CARBERRY MCDC,2019-05-19,14.9,1.6,0
CWZE,CARBERRY MCDC,2019-05-20,20,1.6,0
CWZE,CARBERRY MCDC,2019-05-21,22,2.3,0
CWZE,CARBERRY MCDC,2019-05-22,17.2,8.6,0
CWZE,CARBERRY MCDC,2019-05-23,21.5,2.2,0
CWZE,CARBERRY MCDC,2019-05-24,10.9,5.8,10.3
CWZE,CARBERRY MCDC,2019-05-25,20.2,5,7.7
CWZE,CARBERRY MCDC,2019-05-26,11.1,2.1,11.2
CWZE,CARBERRY MCDC,2019-05-27,18.1,0.4,0
CWZE,CARBERRY MCDC,2019-05-28,26.3,4.3,0
CWZE,CARBERRY MCDC,2019-05-29,28.5,7.9,0
CWZE,CARBERRY MCDC,2019-05-30,32.4,11.7,0
CWZE,CARBERRY MCDC,2019-05-31,15.6,4.7,0
CWZE,CARBERRY MCDC,2019-06-01,19.6,2.3,0
CWZE,CARBERRY MCDC,2019-06-02,19.9,2.5,0
CWZE,CARBERRY MCDC,2019-06-03,32.6,9.9,0.0
CWZE,CARBERRY MCDC,2019-06-04,24.3,11.7,0.0
CWZE,CARBERRY MCDC,2019-06-05,26.8,5.8,5.8
CWZE,CARBERRY MCDC,2019-06-06,26.6,8.6,0.0
CWZE,CARBERRY MCDC,2019-06-07,35.1,18.9,0.0
CWZE,CARBERRY MCDC,2019-06-08,21.4,8.4,13.6
CWZE,CARBERRY MCDC,2019-06-09,19.8,6.5,0.0
CWZE,CARBERRY MCDC,2019-06-10,20.6,5.3,0.0
CWZE,CARBERRY MCDC,2019-06-11,19.5,7.1,0.0
CWZE,CARBERRY MCDC,2019-06-12,21.5,5.1,0.0
CWZE,CARBERRY MCDC,2019-06-13,26.2,8.0,0.0
CWZE,CARBERRY MCDC,2019-06-14,26.4,11.6,0.0
CWZE,CARBERRY MCDC,2019-06-15,16.2,9.5,8.4
CWZE,CARBERRY MCDC,2019-06-16,14.9,9.8,1.7
CWZE,CARBERRY MCDC,2019-06-17,20.7,9.5,0.2
CWZE,CARBERRY MCDC,2019-06-18,23.0,6.5,0.0
CWZE,CARBERRY MCDC,2019-06-19,24.5,7.6,0.0
CWZE,CARBERRY MCDC,2019-06-20,24.4,9.3,0.0
CWZE,CARBERRY MCDC,2019-06-21,19.7,12.9,17.6
CWZE,CARBERRY MCDC,2019-06-22,22.5,11.8,0.6
CWZE,CARBERRY MCDC,2019-06-23,22.9,12.7,0.0
CWZE,CARBERRY MCDC,2019-06-24,25.6,9.9,0.0
CWZE,CARBERRY MCDC,2019-06-25,24.7,12.6,0.0
CWZE,CARBERRY MCDC,2019-06-26,26.1,9.8,0.3
CWZE,CARBERRY MCDC,2019-06-27,27.9,10.1,0.0
CWZE,CARBERRY MCDC,2019-06-28,28.5,12.8,0.0
CWZE,CARBERRY MCDC,2019-06-29,27.1,16.1,6.8
CWZE,CARBERRY MCDC,2019-06-30,27.3,14.0,0.0
CWZE,CARBERRY MCDC,2019-07-01,27.1,10.2,0.0
CWZE,CARBERRY MCDC,2019-07-02,21.1,12.8,2.3
CWZE,CARBERRY MCDC,2019-07-03,21.1,10.4,0.0
CWZE,CARBERRY MCDC,2019-07-04,24.0,9.5,0.2
CWZE,CARBERRY MCDC,2019-07-05,23.7,10.6,0.0
CWZE,CARBERRY MCDC,2019-07-06,25.1,7.3,0.6
CWZE,CARBERRY MCDC,2019-07-07,27.7,15.2,0.0
CWZE,CARBERRY MCDC,2019-07-08,29.2,19.2,0.0
CWZE,CARBERRY MCDC,2019-07-09,20.1,15.5,26.3
CWZE,CARBERRY MCDC,2019-07-10,25.0,15.7,0.3
CWZE,CARBERRY MCDC,2019-07-11,28.8,14.3,0.0
CWZE,CARBERRY MCDC,2019-07-12,24.3,13.2,0.0
CWZE,CARBERRY MCDC,2019-07-13,28.3,11.7,0.3
CWZE,CARBERRY MCDC,2019-07-14,30.9,16.8,12.8
CWZE,CARBERRY MCDC,2019-07-15,26.3,15.8,0.0
CWZE,CARBERRY MCDC,2019-07-16,25.9,12.6,0.0
CWZE,CARBERRY MCDC,2019-07-17,25.9,16.0,16.2
CWZE,CARBERRY MCDC,2019-07-18,26.7,14.3,0.7
CWZE,CARBERRY MCDC,2019-07-19,23.0,11.2,0.0
CWZE,CARBERRY MCDC,2019-07-20,21.8,9.4,0.6
CWZE,CARBERRY MCDC,2019-07-21,22.6,10.0,0.0
CWZE,CARBERRY MCDC,2019-07-22,26.0,8.9,0.0
CWZE,CARBERRY MCDC,2019-07-23,27.0,10.6,0.0
CWZE,CARBERRY MCDC,2019-07-24,28.6,13.9,0.0
CWZE,CARBERRY MCDC,2019-07-25,26.9,15.8,0.0
CWZE,CARBERRY MCDC,2019-07-26,24.2,14.1,0.0
CWZE,CARBERRY MCDC,2019-07-27,29.1,13.7,0.0
CWZE,CARBERRY MCDC,2019-07-28,26.5,16.2,0.0
CWZE,CARBERRY MCDC,2019-07-29,21.5,8.1,0.0
CWZE,CARBERRY MCDC,2019-07-30,24.8,4.7,0.0
CWZE,CARBERRY MCDC,2019-07-31,30.2,10.8,0.0
CWZE,CARBERRY MCDC,2019-08-01,29.8,12.1,0.0
CWEI,MELITA,2019-05-01,10.8,-4,0
CWEI,MELITA,2019-05-02,16.6,-3.7,0
CWEI,MELITA,2019-05-03,17.7,1.9,0
CWEI,MELITA,2019-05-04,12.2,-0.8,0
CWEI,MELITA,2019-05-05,9.2,-5,0
CWEI,MELITA,2019-05-06,8.8,-6.8,0
CWEI,MELITA,2019-05-07,15.3,-1.7,0
CWEI,MELITA,2019-05-08,13.4,-3.4,0
CWEI,MELITA,2019-05-09,12.2,-6.3,0
CWEI,MELITA,2019-05-10,20.4,-3.6,0
CWEI,MELITA,2019-05-11,17.9,7.2,0
CWEI,MELITA,2019-05-12,19.5,3.3,0
CWEI,MELITA,2019-05-13,26.6,8.8,0
CWEI,MELITA,2019-05-14,22,7.3,0
CWEI,MELITA,2019-05-15,22.2,5.1,2.7
CWEI,MELITA,2019-05-16,15.4,5.1,0
CWEI,MELITA,2019-05-17,16.6,-0.4,0
CWEI,MELITA,2019-05-18,12.6,2.6,0
CWEI,MELITA,2019-05-19,14.9,1,0
CWEI,MELITA,2019-05-20,19.9,-0.5,0
CWEI,MELITA,2019-05-21,22.4,-0.9,0
CWEI,MELITA,2019-05-22,16.6,3.7,0
CWEI,MELITA,2019-05-23,22.7,3.7,0
CWEI,MELITA,2019-05-24,11,3.4,10.8
CWEI,MELITA,2019-05-25,21.8,3.8,1.6
CWEI,MELITA,2019-05-26,9.5,-1.3,0.5
CWEI,MELITA,2019-05-27,18.1,-2.4,0.2
CWEI,MELITA,2019-05-28,26,2.3,0
CWEI,MELITA,2019-05-29,30.7,10.8,0
CWEI,MELITA,2019-05-30,31.2,13.1,0
CWEI,MELITA,2019-05-31,19.8,5.6,0
CWEI,MELITA,2019-06-01,22.9,4.3,0
CWEI,MELITA,2019-06-02,24.8,5.4,0
CWEI,MELITA,2019-06-03,32.5,14.3,0.0
CWEI,MELITA,2019-06-04,26.6,10.4,0.0
CWEI,MELITA,2019-06-05,30.3,4.4,0.0
CWEI,MELITA,2019-06-06,28.8,6.6,0.0
CWEI,MELITA,2019-06-07,30.9,17.7,0.0
CWEI,MELITA,2019-06-08,19.8,7.8,2.5
CWEI,MELITA,2019-06-09,20.8,4.8,0.0
CWEI,MELITA,2019-06-10,22.0,3.3,0.0
CWEI,MELITA,2019-06-11,21.0,10.8,0.0
CWEI,MELITA,2019-06-12,23.4,3.5,0.0
CWEI,MELITA,2019-06-13,28.5,11.6,0.3
CWEI,MELITA,2019-06-14,29.7,14.7,6.1
CWEI,MELITA,2019-06-15,14.9,8.9,9.7
CWEI,MELITA,2019-06-16,14.0,9.2,8.3
CWEI,MELITA,2019-06-17,18.3,8.9,0.0
CWEI,MELITA,2019-06-18,23.0,7.0,0.0
CWEI,MELITA,2019-06-19,24.4,7.5,0.0
CWEI,MELITA,2019-06-20,18.8,10.1,21.6
CWEI,MELITA,2019-06-21,19.0,10.5,18.8
CWEI,MELITA,2019-06-22,21.7,8.7,0.0
CWEI,MELITA,2019-06-23,21.9,12.5,0.0
CWEI,MELITA,2019-06-24,23.9,9.6,6.3
CWEI,MELITA,2019-06-25,24.4,12.5,0.0
CWEI,MELITA,2019-06-26,27.3,9.4,0.0
CWEI,MELITA,2019-06-27,27.7,12.4,0.0
CWEI,MELITA,2019-06-28,29.3,14.4,0.0
CWEI,MELITA,2019-06-29,27.3,16.8,11.1
CWEI,MELITA,2019-06-30,26.7,12.1,0.0
CWEI,MELITA,2019-07-01,27.2,11.7,11.7
CWEI,MELITA,2019-07-02,20.9,12.6,0.0
CWEI,MELITA,2019-07-03,20.1,12.4,0.0
CWEI,MELITA,2019-07-04,23.4,10.4,0.0
CWEI,MELITA,2019-07-05,24.6,11.0,0.0
CWEI,MELITA,2019-07-06,25.2,8.4,0.0
CWEI,MELITA,2019-07-07,27.7,14.0,0.0
CWEI,MELITA,2019-07-08,29.0,17.2,0.0
CWEI,MELITA,2019-07-09,19.0,15.5,55.5
CWEI,MELITA,2019-07-10,25.2,15.9,0.0
CWEI,MELITA,2019-07-11,29.7,14.9,0.0
CWEI,MELITA,2019-07-12,25.7,13.3,0.0
CWEI,MELITA,2019-07-13,28.6,11.7,0.0
CWEI,MELITA,2019-07-14,30.7,18.3,0.0
CWEI,MELITA,2019-07-15,27.1,16.5,0.0
CWEI,MELITA,2019-07-16,26.2,12.7,0.0
CWEI,MELITA,2019-07-17,26.8,17.5,6.9
CWEI,MELITA,2019-07-18,27.0,15.4,0.0
CWEI,MELITA,2019-07-19,23.6,12.1,0.0
CWEI,MELITA,2019-07-20,23.2,8.8,0.0
CWEI,MELITA,2019-07-21,23.7,9.2,0.0
CWEI,MELITA,2019-07-22,26.6,8.6,0.0
CWEI,MELITA,2019-07-23,28.2,11.4,0.0
CWEI,MELITA,2019-07-24,29.2,16.7,0.0
CWEI,MELITA,2019-07-25,26.8,15.7,0.0
CWEI,MELITA,2019-07-26,25.1,14.8,0.0
CWEI,MELITA,2019-07-27,30.5,11.3,0.0
CWEI,MELITA,2019-07-28,26.3,16.0,0.0
CWEI,MELITA,2019-07-29,22.4,7.4,0.0
CWEI,MELITA,2019-07-30,26.5,5.7,0.0
CWEI,MELITA,2019-07-31,31.8,15.2,0.0
CWEI,MELITA,2019-08-01,30.6,13.3,0.0
CWPO,PILOT MOUND,2019-05-01,9.4,-2.9,
CWPO,PILOT MOUND,2019-05-02,14.5,-5.2,
CWPO,PILOT MOUND,2019-05-03,16.1,3.9,
CWPO,PILOT MOUND,2019-05-04,11.6,0.6,
CWPO,PILOT MOUND,2019-05-05,7.7,-5.4,
CWPO,PILOT MOUND,2019-05-06,7.5,-6,
CWPO,PILOT MOUND,2019-05-07,15.4,-6.5,
CWPO,PILOT MOUND,2019-05-08,12.1,-2.3,
CWPO,PILOT MOUND,2019-05-09,10.8,-3.6,
CWPO,PILOT MOUND,2019-05-10,18.5,-6.2,
CWPO,PILOT MOUND,2019-05-11,19.5,4.5,
CWPO,PILOT MOUND,2019-05-12,18.6,0.8,
CWPO,PILOT MOUND,2019-05-13,25.9,7.3,
CWPO,PILOT MOUND,2019-05-14,18.9,4.4,
CWPO,PILOT MOUND,2019-05-15,21.2,2.2,
CWPO,PILOT MOUND,2019-05-16,13,2.2,
CWPO,PILOT MOUND,2019-05-17,14.6,-2.9,
CWPO,PILOT MOUND,2019-05-18,11,2.4,
CWPO,PILOT MOUND,2019-05-19,14.8,1.4,
CWPO,PILOT MOUND,2019-05-20,20.4,0.8,
CWPO,PILOT MOUND,2019-05-21,22.3,1.3,
CWPO,PILOT MOUND,2019-05-22,14.2,6.5,
CWPO,PILOT MOUND,2019-05-23,20.7,6.3,
CWPO,PILOT MOUND,2019-05-24,10.8,4.5,
CWPO,PILOT MOUND,2019-05-25,20.1,6.9,
CWPO,PILOT MOUND,2019-05-26,8.9,1.5,
CWPO,PILOT MOUND,2019-05-27,18.5,-1.8,
CWPO,PILOT MOUND,2019-05-28,26.1,0.6,
CWPO,PILOT MOUND,2019-05-29,28.3,6.4,
CWPO,PILOT MOUND,2019-05-30,,,
CWPO,PILOT MOUND,2019-05-31,,,
CWPO,PILOT MOUND,2019-06-01,19.7,1.6,
CWPO,PILOT MOUND,2019-06-02,20.8,2.3,
CWPO,PILOT MOUND,2019-06-03,32.5,8.5,
CWPO,PILOT MOUND,2019-06-04,28.0,12.1,
CWPO,PILOT MOUND,2019-06-05,28.5,5.9,
CWPO,PILOT MOUND,2019-06-06,27.6,8.5,
CWPO,PILOT MOUND,2019-06-07,35.2,17.6,0.0
CWPO,PILOT MOUND,2019-06-08,21.4,7.9,4.8
CWPO,PILOT MOUND,2019-06-09,20.8,6.1,0.8
CWPO,PILOT MOUND,2019-06-10,21.0,4.1,0.0
CWPO,PILOT MOUND,2019-06-11,18.3,5.6,0.8
CWPO,PILOT MOUND,2019-06-12,21.0,3.5,0.4
CWPO,PILOT MOUND,2019-06-13,26.2,7.4,0.0
CWPO,PILOT MOUND,2019-06-14,26.9,11.7,0.0
CWPO,PILOT MOUND,2019-06-15,14.3,9.7,11.6
CWPO,PILOT MOUND,2019-06-16,13.0,10.0,3.2
CWPO,PILOT MOUND,2019-06-17,18.9,10.2,2.3
CWPO,PILOT MOUND,2019-06-18,20.9,7.3,0.0
CWPO,PILOT MOUND,2019-06-19,24.1,8.4,0.0
CWPO,PILOT MOUND,2019-06-20,21.6,9.8,0.2
CWPO,PILOT MOUND,2019-06-21,19.2,11.0,26.2
CWPO,PILOT MOUND,2019-06-22,21.5,10.5,0.0
CWPO,PILOT MOUND,2019-06-23,21.9,11.4,0.0
CWPO,PILOT MOUND,2019-06-24,24.4,9.0,1.9
CWPO,PILOT MOUND,2019-06-25,23.4,11.7,2.9
CWPO,PILOT MOUND,2019-06-26,26.3,9.3,0.0
CWPO,PILOT MOUND,2019-06-27,27.7,14.2,0.0
CWPO,PILOT MOUND,2019-06-28,27.4,13.5,0.0
CWPO,PILOT MOUND,2019-06-29,26.7,15.2,11.2
CWPO,PILOT MOUND,2019-06-30,26.6,14.1,0.0
CWPO,PILOT MOUND,2019-07-01,25.9,10.6,0.0
CWPO,PILOT MOUND,2019-07-02,21.0,13.0,6.5
CWPO,PILOT MOUND,2019-07-03,17.9,11.4,5.4
CWPO,PILOT MOUND,2019-07-04,23.2,10.2,0.0
CWPO,PILOT MOUND,2019-07-05,23.1,11.2,0.0
CWPO,PILOT MOUND,2019-07-06,23.2,7.4,0.0
CWPO,PILOT MOUND,2019-07-07,26.4,10.8,0.0
CWPO,PILOT MOUND,2019-07-08,29.1,17.1,0.2
CWPO,PILOT MOUND,2019-07-09,20.7,15.8,12.6
CWPO,PILOT MOUND,2019-07-10,24.5,13.9,14.4
CWPO,PILOT MOUND,2019-07-11,27.5,12.3,0.6
CWPO,PILOT MOUND,2019-07-12,23.9,13.8,0.0
CWPO,PILOT MOUND,2019-07-13,27.8,12.1,0.0
CWPO,PILOT MOUND,2019-07-14,28.7,17.5,21.1
CWPO,PILOT MOUND,2019-07-15,25.7,15.8,5.1
CWPO,PILOT MOUND,2019-07-16,25.3,13.3,0.0
CWPO,PILOT MOUND,2019-07-17,24.8,15.3,6.9
CWPO,PILOT MOUND,2019-07-18,25.9,13.4,0.0
CWPO,PILOT MOUND,2019-07-19,22.6,11.0,0.0
CWPO,PILOT MOUND,2019-07-20,22.3,11.7,0.0
CWPO,PILOT MOUND,2019-07-21,22.3,10.3,0.0
CWPO,PILOT MOUND,2019-07-22,24.8,9.0,0.0
CWPO,PILOT MOUND,2019-07-23,26.5,9.8,0.0
CWPO,PILOT MOUND,2019-07-24,28.2,11.8,0.0
CWPO,PILOT MOUND,2019-07-25,26.2,13.9,0.0
CWPO,PILOT MOUND,2019-07-26,23.0,13.5,0.0
CWPO,PILOT MOUND,2019-07-27,28.0,11.5,0.0
CWPO,PILOT MOUND,2019-07-28,25.3,15.8,0.0
CWPO,PILOT MOUND,2019-07-29,20.8,7.9,0.0
CWPO,PILOT MOUND,2019-07-30,24.0,4.7,0.0
CWPO,PILOT MOUND,2019-07-31,29.0,9.9,3.4
CWPO,PILOT MOUND,2019-08-01,29.0,15.5,0.0
CYPG,PORTAGE LA PRAIRIE,2019-05-01,9.8,-2.4,0
CYPG,PORTAGE LA PRAIRIE,2019-05-02,16,-3.3,0
CYPG,PORTAGE LA PRAIRIE,2019-05-03,17,5.9,5.2
CYPG,PORTAGE LA PRAIRIE,2019-05-04,13.1,0.5,0.1
CYPG,PORTAGE LA PRAIRIE,2019-05-05,5.3,-2.1,0
CYPG,PORTAGE LA PRAIRIE,2019-05-06,6.7,-3.6,0
CYPG,PORTAGE LA PRAIRIE,2019-05-07,15.7,-6.9,0
CYPG,PORTAGE LA PRAIRIE,2019-05-08,9.9,2.9,0.1
CYPG,PORTAGE LA PRAIRIE,2019-05-09,12,-1.7,0
CYPG,PORTAGE LA PRAIRIE,2019-05-10,17.4,-3.9,0
CYPG,PORTAGE LA PRAIRIE,2019-05-11,21.9,7.5,2.1
CYPG,PORTAGE LA PRAIRIE,2019-05-12,18.3,3.6,0
CYPG,PORTAGE LA PRAIRIE,2019-05-13,26.6,10.9,0
CYPG,PORTAGE LA PRAIRIE,2019-05-14,16.3,6.2,0
CYPG,PORTAGE LA PRAIRIE,2019-05-15,13.6,2.5,8
CYPG,PORTAGE LA PRAIRIE,2019-05-16,11.8,0.6,0.4
CYPG,PORTAGE LA PRAIRIE,2019-05-17,15.4,-3,0
CYPG,PORTAGE LA PRAIRIE,2019-05-18,13.1,2,0
CYPG,PORTAGE LA PRAIRIE,2019-05-19,15.8,1.9,0
CYPG,PORTAGE LA PRAIRIE,2019-05-20,20.9,3.2,0
CYPG,PORTAGE LA PRAIRIE,2019-05-21,23.4,4.5,0.2
CYPG,PORTAGE LA PRAIRIE,2019-05-22,15,9.4,1
CYPG,PORTAGE LA PRAIRIE,2019-05-23,20.9,7.2,0
CYPG,PORTAGE LA PRAIRIE,2019-05-24,11.8,3.3,9.9
CYPG,PORTAGE LA PRAIRIE,2019-05-25,21.2,6.3,2.6
CYPG,PORTAGE LA PRAIRIE,2019-05-26,12.9,4.2,3.5
CYPG,PORTAGE LA PRAIRIE,2019-05-27,19.3,-0.6,0
CYPG,PORTAGE LA PRAIRIE,2019-05-28,26.2,7.6,0
CYPG,PORTAGE LA PRAIRIE,2019-05-29,27.4,8.1,0
CYPG,PORTAGE LA PRAIRIE,2019-05-30,29.6,9.1,0
CYPG,PORTAGE LA PRAIRIE,2019-05-31,15.4,4.5,0
CYPG,PORTAGE LA PRAIRIE,2019-06-01,18.6,4,0
CYPG,PORTAGE LA PRAIRIE,2019-06-02,18.5,0.2,0
CYPG,PORTAGE LA PRAIRIE,2019-06-03,31.8,7.6,3.0
CYPG,PORTAGE LA PRAIRIE,2019-06-04,23.2,12.2,0.0
CYPG,PORTAGE LA PRAIRIE,2019-06-05,26.8,7.4,0.6
CYPG,PORTAGE LA PRAIRIE,2019-06-06,27.0,9.9,0.0
CYPG,PORTAGE LA PRAIRIE,2019-06-07,35.3,14.8,3.3
CYPG,PORTAGE LA PRAIRIE,2019-06-08,22.8,10.3,9.9
CYPG,PORTAGE LA PRAIRIE,2019-06-09,19.9,9.5,0.0
CYPG,PORTAGE LA PRAIRIE,2019-06-10,20.6,7.4,0.0
CYPG,PORTAGE LA PRAIRIE,2019-06-11,18.9,5.8,0
CYPG,PORTAGE LA PRAIRIE,2019-06-12,20.8,3.0,0.0
CYPG,PORTAGE LA PRAIRIE,2019-06-13,25.6,11.2,0.0
CYPG,PORTAGE LA PRAIRIE,2019-06-14,25.6,10.9,0.0
CYPG,PORTAGE LA PRAIRIE,2019-06-15,15.9,10.4,2.5
CYPG,PORTAGE LA PRAIRIE,2019-06-16,16.4,10.5,3.9
CYPG,PORTAGE LA PRAIRIE,2019-06-17,22.5,11.8,0.7
CYPG,PORTAGE LA PRAIRIE,2019-06-18,24.3,9.5,0.0
CYPG,PORTAGE LA PRAIRIE,2019-06-19,25.5,8.1,0.0
CYPG,PORTAGE LA PRAIRIE,2019-06-20,26.4,9.8,0.0
CYPG,PORTAGE LA PRAIRIE,2019-06-21,22.2,12.8,5.4
CYPG,PORTAGE LA PRAIRIE,2019-06-22,22.4,15.3,1.1
CYPG,PORTAGE LA PRAIRIE,2019-06-23,23.6,14.0,0.0
CYPG,PORTAGE LA PRAIRIE,2019-06-24,26.0,14.1,0
CYPG,PORTAGE LA PRAIRIE,2019-06-25,25.3,15.2,1.1
CYPG,PORTAGE LA PRAIRIE,2019-06-26,27.0,12.3,0.0
CYPG,PORTAGE LA PRAIRIE,2019-06-27,27.7,11.5,0.0
CYPG,PORTAGE LA PRAIRIE,2019-06-28,28.7,12.5,0.0
CYPG,PORTAGE LA PRAIRIE,2019-06-29,27.7,14.0,3.1
CYPG,PORTAGE LA PRAIRIE,2019-06-30,29.5,18.6,0.0
CYPG,PORTAGE LA PRAIRIE,2019-07-01,27.5,14.9,0.0
CYPG,PORTAGE LA PRAIRIE,2019-07-02,24.4,15.1,0.4
CYPG,PORTAGE LA PRAIRIE,2019-07-03,22.7,12.5,0.0
CYPG,PORTAGE LA PRAIRIE,2019-07-04,25.7,12.9,0.0
CYPG,PORTAGE LA PRAIRIE,2019-07-05,23.4,12.0,0.0
CYPG,PORTAGE LA PRAIRIE,2019-07-06,23.9,7.4,0.0
CYPG,PORTAGE LA PRAIRIE,2019-07-07,28.8,10.8,0.0
CYPG,PORTAGE LA PRAIRIE,2019-07-08,30.4,19.2,0.3
CYPG,PORTAGE LA PRAIRIE,2019-07-09,22.8,16.1,13.6
CYPG,PORTAGE LA PRAIRIE,2019-07-10,26.0,16.0,4.6
CYPG,PORTAGE LA PRAIRIE,2019-07-11,29.4,16.0,0.0
CYPG,PORTAGE LA PRAIRIE,2019-07-12,24.2,14.7,0.0
CYPG,PORTAGE LA PRAIRIE,2019-07-13,29.3,12.4,0.0
CYPG,PORTAGE LA PRAIRIE,2019-07-14,30.6,17.8,26.5
CYPG,PORTAGE LA PRAIRIE,2019-07-15,28.2,19.0,7.8
CYPG,PORTAGE LA PRAIRIE,2019-07-16,25.8,15.9,0.0
CYPG,PORTAGE LA PRAIRIE,2019-07-17,24.5,16.3,10.7
CYPG,PORTAGE LA PRAIRIE,2019-07-18,27.6,16.3,0.7
CYPG,PORTAGE LA PRAIRIE,2019-07-19,24.9,14.7,0.0
CYPG,PORTAGE LA PRAIRIE,2019-07-20,23.3,13.0,0.9
CYPG,PORTAGE LA PRAIRIE,2019-07-21,22.9,11.2,0.0
CYPG,PORTAGE LA PRAIRIE,2019-07-22,26.7,12.6,0.0
CYPG,PORTAGE LA PRAIRIE,2019-07-23,28.4,14.8,0.0
CYPG,PORTAGE LA PRAIRIE,2019-07-24,29.6,16.4,0.0
CYPG,PORTAGE LA PRAIRIE,2019-07-25,27.4,18.6,0.0
CYPG,PORTAGE LA PRAIRIE,2019-07-26,25.1,15.4,0.0
CYPG,PORTAGE LA PRAIRIE,2019-07-27,29.3,17.3,0.0
CYPG,PORTAGE LA PRAIRIE,2019-07-28,27.2,17.1,0
CYPG,PORTAGE LA PRAIRIE,2019-07-29,20.7,10.3,0.0
CYPG,PORTAGE LA PRAIRIE,2019-07-30,25.2,6.1,0.0
CYPG,PORTAGE LA PRAIRIE,2019-07-31,30.2,13.1,2.6
CYPG,PORTAGE LA PRAIRIE,2019-08-01,,,
CWSZ,FISHER BRANCH,2019-05-01,9.1,-3.7,0
CWSZ,FISHER BRANCH,2019-05-02,14.8,-3.2,0
CWSZ,FISHER BRANCH,2019-05-03,14.3,2.2,2.7
CWSZ,FISHER BRANCH,2019-05-04,11.4,0.2,0.8
CWSZ,FISHER BRANCH,2019-05-05,3,-3.1,0
CWSZ,FISHER BRANCH,2019-05-06,8.6,-2.8,0
CWSZ,FISHER BRANCH,2019-05-07,14.4,-6.6,0.2
CWSZ,FISHER BRANCH,2019-05-08,9.8,-1.9,0
CWSZ,FISHER BRANCH,2019-05-09,12.2,-5.7,0.4
CWSZ,FISHER BRANCH,2019-05-10,16.4,-6,0.2
CWSZ,FISHER BRANCH,2019-05-11,19.2,5.9,0.5
CWSZ,FISHER BRANCH,2019-05-12,18.9,4,0
CWSZ,FISHER BRANCH,2019-05-13,26,7.7,0
CWSZ,FISHER BRANCH,2019-05-14,13.8,0.7,0
CWSZ,FISHER BRANCH,2019-05-15,18.3,0.4,7.5
CWSZ,FISHER BRANCH,2019-05-16,10.4,-2.2,0.4
CWSZ,FISHER BRANCH,2019-05-17,14.3,-3.8,0.2
CWSZ,FISHER BRANCH,2019-05-18,13.2,-2.3,0
CWSZ,FISHER BRANCH,2019-05-19,16.6,0.1,0.2
CWSZ,FISHER BRANCH,2019-05-20,20.4,-0.2,0.2
CWSZ,FISHER BRANCH,2019-05-21,23.1,-1.4,0.4
CWSZ,FISHER BRANCH,2019-05-22,19.3,6.2,0
CWSZ,FISHER BRANCH,2019-05-23,20.6,3.1,0
CWSZ,FISHER BRANCH,2019-05-24,14.6,4.9,4.2
CWSZ,FISHER BRANCH,2019-05-25,17.9,3.7,1.1
CWSZ,FISHER BRANCH,2019-05-26,14.1,-0.6,0.4
CWSZ,FISHER BRANCH,2019-05-27,20.4,-4.5,0
CWSZ,FISHER BRANCH,2019-05-28,25,4.6,0.5
CWSZ,FISHER BRANCH,2019-05-29,26.9,2.1,0.7
CWSZ,FISHER BRANCH,2019-05-30,23.2,8.7,0
CWSZ,FISHER BRANCH,2019-05-31,15,0.3,0
CWSZ,FISHER BRANCH,2019-06-01,14.5,-1.3,0.3
CWSZ,FISHER BRANCH,2019-06-02,16,-3.2,0
CWSZ,FISHER BRANCH,2019-06-03,16.3,8.8,8.2
CWSZ,FISHER BRANCH,2019-06-04,23.0,8.7,0.0
CWSZ,FISHER BRANCH,2019-06-05,,,
CWSZ,FISHER BRANCH,2019-06-06,,,
CWSZ,FISHER BRANCH,2019-06-07,,,
CWSZ,FISHER BRANCH,2019-06-08,,,
CWSZ,FISHER BRANCH,2019-06-09,18.6,7.5,1.6
CWSZ,FISHER BRANCH,2019-06-10,19.4,5.5,0.0
CWSZ,FISHER BRANCH,2019-06-11,16.6,3.3,0.0
CWSZ,FISHER BRANCH,2019-06-12,21.1,-1.3,0.2
CWSZ,FISHER BRANCH,2019-06-13,25.2,9.6,0.0
CWSZ,FISHER BRANCH,2019-06-14,23.8,10.3,0.0
CWSZ,FISHER BRANCH,2019-06-15,19.4,5.6,0.2
CWSZ,FISHER BRANCH,2019-06-16,21.6,8.2,2.3
CWSZ,FISHER BRANCH,2019-06-17,23.2,9.8,0.2
CWSZ,FISHER BRANCH,2019-06-18,25.3,6.5,0.0
CWSZ,FISHER BRANCH,2019-06-19,27.5,4.5,0.4
CWSZ,FISHER BRANCH,2019-06-20,28.7,6.0,0.2
CWSZ,FISHER BRANCH,2019-06-21,27.3,9.2,2.9
CWSZ,FISHER BRANCH,2019-06-22,23.2,14.4,7.6
CWSZ,FISHER BRANCH,2019-06-23,23.8,13.1,0.0
CWSZ,FISHER BRANCH,2019-06-24,27.5,8.4,0.0
CWSZ,FISHER BRANCH,2019-06-25,24.6,12.6,0.7
CWSZ,FISHER BRANCH,2019-06-26,26.4,10.3,0.2
CWSZ,FISHER BRANCH,2019-06-27,27.5,8.0,0.0
CWSZ,FISHER BRANCH,2019-06-28,29.4,9.4,0.2
CWSZ,FISHER BRANCH,2019-06-29,28.6,11.2,10.8
CWSZ,FISHER BRANCH,2019-06-30,28.9,18.3,0.0
CWSZ,FISHER BRANCH,2019-07-01,27.8,13.9,0.0
CWSZ,FISHER BRANCH,2019-07-02,21.4,13.8,2.9
CWSZ,FISHER BRANCH,2019-07-03,25.1,12.2,0.0
CWSZ,FISHER BRANCH,2019-07-04,26.0,8.2,0.0
CWSZ,FISHER BRANCH,2019-07-05,23.4,6.4,0.0
CWSZ,FISHER BRANCH,2019-07-06,24.5,3.0,0.4
CWSZ,FISHER BRANCH,2019-07-07,29.3,13.6,0.0
CWSZ,FISHER BRANCH,2019-07-08,29.9,17.5,20.7
CWSZ,FISHER BRANCH,2019-07-09,24.2,16.2,3.1
CWSZ,FISHER BRANCH,2019-07-10,26.4,13.8,1.4
CWSZ,FISHER BRANCH,2019-07-11,26.4,13.8,1.4
CWSZ,FISHER BRANCH,2019-07-12,23.9,11.8,0.0
CWSZ,FISHER BRANCH,2019-07-13,28.4,8.8,0.0
CWSZ,FISHER BRANCH,2019-07-14,30.8,19.6,0.5
CWSZ,FISHER BRANCH,2019-07-15,28.2,16.1,0.0
CWSZ,FISHER BRANCH,2019-07-16,26.5,13.5,0.0
CWSZ,FISHER BRANCH,2019-07-17,24.5,14.1,4.4
CWSZ,FISHER BRANCH,2019-07-18,27.0,13.8,4.1
CWSZ,FISHER BRANCH,2019-07-19,25.0,12.1,0.3
CWSZ,FISHER BRANCH,2019-07-20,22.2,9.9,5.2
CWSZ,FISHER BRANCH,2019-07-21,24.7,7.4,0.0
CWSZ,FISHER BRANCH,2019-07-22,27.9,11.2,0.0
CWSZ,FISHER BRANCH,2019-07-23,30.2,14.0,0.0
CWSZ,FISHER BRANCH,2019-07-24,30.0,13.1,0.0
CWSZ,FISHER BRANCH,2019-07-25,28.2,18.7,0.0
CWSZ,FISHER BRANCH,2019-07-26,23.1,13.4,1.0
CWSZ,FISHER BRANCH,2019-07-27,30.4,13.1,0.0
CWSZ,FISHER BRANCH,2019-07-28,27.2,15.8,0.0
CWSZ,FISHER BRANCH,2019-07-29,21.1,6.6,0.0
CWSZ,FISHER BRANCH,2019-07-30,25.3,3.0,0.0
CWSZ,FISHER BRANCH,2019-07-31,28.8,11.6,3.6
CWSZ,FISHER BRANCH,2019-08-01,29.2,14.6,0.0
CYGM,GIMLI CLIMATE,2019-05-01,7.4,-2.3,0
CYGM,GIMLI CLIMATE,2019-05-02,11.3,-3.8,0
CYGM,GIMLI CLIMATE,2019-05-03,14,3.8,0.4
CYGM,GIMLI CLIMATE,2019-05-04,12.6,0,2.6
CYGM,GIMLI CLIMATE,2019-05-05,3.6,-2.3,0
CYGM,GIMLI CLIMATE,2019-05-06,5.6,-4.7,0
CYGM,GIMLI CLIMATE,2019-05-07,13.6,-6.1,0
CYGM,GIMLI CLIMATE,2019-05-08,9.9,2.4,0
CYGM,GIMLI CLIMATE,2019-05-09,10.9,-3.1,0
CYGM,GIMLI CLIMATE,2019-05-10,15.6,-5,0
CYGM,GIMLI CLIMATE,2019-05-11,22.1,7.8,0
CYGM,GIMLI CLIMATE,2019-05-12,15.6,5.7,0
CYGM,GIMLI CLIMATE,2019-05-13,25.4,4.4,0
CYGM,GIMLI CLIMATE,2019-05-14,13.4,0.7,0
CYGM,GIMLI CLIMATE,2019-05-15,17.5,-1.4,5.8
CYGM,GIMLI CLIMATE,2019-05-16,10.3,-2.1,0
CYGM,GIMLI CLIMATE,2019-05-17,13.47,-3.3,0
CYGM,GIMLI CLIMATE,2019-05-18,12.8,2.9,0
CYGM,GIMLI CLIMATE,2019-05-19,16.3,4.8,0
CYGM,GIMLI CLIMATE,2019-05-20,18.7,0.5,0
CYGM,GIMLI CLIMATE,2019-05-21,21.3,0.1,0
CYGM,GIMLI CLIMATE,2019-05-22,14.8,10.4,0.2
CYGM,GIMLI CLIMATE,2019-05-23,18.4,4.3,0
CYGM,GIMLI CLIMATE,2019-05-24,13.1,3.6,5.3
CYGM,GIMLI CLIMATE,2019-05-25,19.1,5.9,1
CYGM,GIMLI CLIMATE,2019-05-26,12.6,2.5,0
CYGM,GIMLI CLIMATE,2019-05-27,18.5,-1.8,0
CYGM,GIMLI CLIMATE,2019-05-28,24.6,6,0
CYGM,GIMLI CLIMATE,2019-05-29,24,3.7,0
CYGM,GIMLI CLIMATE,2019-05-30,20.7,10.7,0
CYGM,GIMLI CLIMATE,2019-05-31,14.3,2.3,0
CYGM,GIMLI CLIMATE,2019-06-01,15.2,0.9,0
CYGM,GIMLI CLIMATE,2019-06-02,13.9,-0.6,0
CYGM,GIMLI CLIMATE,2019-06-03,17.1,9.8,8.3
CYGM,GIMLI CLIMATE,2019-06-04,22.4,10.9,0.0
CYGM,GIMLI CLIMATE,2019-06-05,22.0,6.6,0.0
CYGM,GIMLI CLIMATE,2019-06-06,24.0,11.1,0.0
CYGM,GIMLI CLIMATE,2019-06-07,,,
CYGM,GIMLI CLIMATE,2019-06-08,21.6,10.9,21.2
CYGM,GIMLI CLIMATE,2019-06-09,19.1,8.2,0.0
CYGM,GIMLI CLIMATE,2019-06-10,19.2,6.6,0.0
CYGM,GIMLI CLIMATE,2019-06-11,17.7,4.5,0.0
CYGM,GIMLI CLIMATE,2019-06-12,20.7,2.3,0.0
CYGM,GIMLI CLIMATE,2019-06-13,24.6,6.1,0.2
CYGM,GIMLI CLIMATE,2019-06-14,21.9,13.6,0.0
CYGM,GIMLI CLIMATE,2019-06-15,19.1,10.9,0.0
CYGM,GIMLI CLIMATE,2019-06-16,16.8,11.1,0.0
CYGM,GIMLI CLIMATE,2019-06-17,22.2,12.2,0.0
CYGM,GIMLI CLIMATE,2019-06-18,23.5,9.5,0.2
CYGM,GIMLI CLIMATE,2019-06-19,25.7,7.9,0.0
CYGM,GIMLI CLIMATE,2019-06-20,27.1,8.4,0.0
CYGM,GIMLI CLIMATE,2019-06-21,25.8,10.6,3.0
CYGM,GIMLI CLIMATE,2019-06-22,21.0,14.9,3.2
CYGM,GIMLI CLIMATE,2019-06-23,23.6,13.6,0.0
CYGM,GIMLI CLIMATE,2019-06-24,24.3,10.8,0.0
CYGM,GIMLI CLIMATE,2019-06-25,24.5,12.5,0.0
CYGM,GIMLI CLIMATE,2019-06-26,25.8,11.5,0.0
CYGM,GIMLI CLIMATE,2019-06-27,24.8,9.5,0.2
CYGM,GIMLI CLIMATE,2019-06-28,26.7,10.6,0.0
CYGM,GIMLI CLIMATE,2019-06-29,27.3,15.5,0.2
CYGM,GIMLI CLIMATE,2019-06-30,28.9,16.2,1.4
CYGM,GIMLI CLIMATE,2019-07-01,26.5,12.3,0.0
CYGM,GIMLI CLIMATE,2019-07-02,22.5,10.8,0.0
CYGM,GIMLI CLIMATE,2019-07-03,23.3,9.2,0.0
CYGM,GIMLI CLIMATE,2019-07-04,25.9,11.1,0.0
CYGM,GIMLI CLIMATE,2019-07-05,22.4,7.3,0.0
CYGM,GIMLI CLIMATE,2019-07-06,21.7,6.2,0.0
CYGM,GIMLI CLIMATE,2019-07-07,28.5,12.6,0.0
CYGM,GIMLI CLIMATE,2019-07-08,29.7,17.5,10.0
CYGM,GIMLI CLIMATE,2019-07-09,22.6,17.1,29.1
CYGM,GIMLI CLIMATE,2019-07-10,25.6,13.7,16.7
CYGM,GIMLI CLIMATE,2019-07-11,28.6,12.1,0.0
CYGM,GIMLI CLIMATE,2019-07-12,22.6,13.5,0.0
CYGM,GIMLI CLIMATE,2019-07-13,27.8,10.4,0.0
CYGM,GIMLI CLIMATE,2019-07-14,30.7,19.2,4.6
CYGM,GIMLI CLIMATE,2019-07-15,28.0,17.1,0.2
CYGM,GIMLI CLIMATE,2019-07-16,25.0,13.2,0.0
CYGM,GIMLI CLIMATE,2019-07-17,23.6,14.5,5.7
CYGM,GIMLI CLIMATE,2019-07-18,26.3,14.5,0.8
CYGM,GIMLI CLIMATE,2019-07-19,25.0,12.4,3.9
CYGM,GIMLI CLIMATE,2019-07-20,22.1,12.0,3.5
CYGM,GIMLI CLIMATE,2019-07-21,23.9,8.8,0.0
CYGM,GIMLI CLIMATE,2019-07-22,26.8,12.7,0.0
CYGM,GIMLI CLIMATE,2019-07-23,29.5,15.2,0.2
CYGM,GIMLI CLIMATE,2019-07-24,28.9,14.6,0.0
CYGM,GIMLI CLIMATE,2019-07-25,28.4,17.0,0.2
CYGM,GIMLI CLIMATE,2019-07-26,22.8,15.1,0.5
CYGM,GIMLI CLIMATE,2019-07-27,29.0,13.3,0.0
CYGM,GIMLI CLIMATE,2019-07-28,26.1,15.8,0.0
CYGM,GIMLI CLIMATE,2019-07-29,20.2,7.2,0.3
CYGM,GIMLI CLIMATE,2019-07-30,23.3,4.4,0.0
CYGM,GIMLI CLIMATE,2019-07-31,27.4,10.9,1.0
CYGM,GIMLI CLIMATE,2019-08-01,27.3,14.7,0.0
CYWG,WINNIPEG/RICHARDSON ARPT,2019-05-01,7.9,2.3,0.2
CYWG,WINNIPEG/RICHARDSON ARPT,2019-05-02,15.6,-3.2,0.8
CYWG,WINNIPEG/RICHARDSON ARPT,2019-05-03,14.2,5,8.4
CYWG,WINNIPEG/RICHARDSON ARPT,2019-05-04,13.4,-2,0.8
CYWG,WINNIPEG/RICHARDSON ARPT,2019-05-05,6.2,-4,0
CYWG,WINNIPEG/RICHARDSON ARPT,2019-05-06,7.1,-3.7,0
CYWG,WINNIPEG/RICHARDSON ARPT,2019-05-07,14.3,-5.1,0.7
CYWG,WINNIPEG/RICHARDSON ARPT,2019-05-08,13.3,0.5,0.6
CYWG,WINNIPEG/RICHARDSON ARPT,2019-05-09,12.5,-2,0
CYWG,WINNIPEG/RICHARDSON ARPT,2019-05-10,18,-5.5,0
CYWG,WINNIPEG/RICHARDSON ARPT,2019-05-11,22.1,9.2,2
CYWG,WINNIPEG/RICHARDSON ARPT,2019-05-12,18,1.9,0
CYWG,WINNIPEG/RICHARDSON ARPT,2019-05-13,26.1,6.8,0
CYWG,WINNIPEG/RICHARDSON ARPT,2019-05-14,17.8,3.1,0
CYWG,WINNIPEG/RICHARDSON ARPT,2019-05-15,17,0,6.4
CYWG,WINNIPEG/RICHARDSON ARPT,2019-05-16,12.1,-1.8,0
CYWG,WINNIPEG/RICHARDSON ARPT,2019-05-17,16.6,-4.5,0
CYWG,WINNIPEG/RICHARDSON ARPT,2019-05-18,13.4,2.6,0
CYWG,WINNIPEG/RICHARDSON ARPT,2019-05-19,16.3,3.1,0
CYWG,WINNIPEG/RICHARDSON ARPT,2019-05-20,20.7,2.9,0
CYWG,WINNIPEG/RICHARDSON ARPT,2019-05-21,24,1.6,0
CYWG,WINNIPEG/RICHARDSON ARPT,2019-05-22,15.4,8.7,1.3
CYWG,WINNIPEG/RICHARDSON ARPT,2019-05-23,21.9,3.2,0
CYWG,WINNIPEG/RICHARDSON ARPT,2019-05-24,13.2,7.8,6.6
CYWG,WINNIPEG/RICHARDSON ARPT,2019-05-25,20.8,6.6,0.4
CYWG,WINNIPEG/RICHARDSON ARPT,2019-05-26,13.6,1.6,0.4
CYWG,WINNIPEG/RICHARDSON ARPT,2019-05-27,19.9,-2.2,0
CYWG,WINNIPEG/RICHARDSON ARPT,2019-05-28,26.2,5.6,0
CYWG,WINNIPEG/RICHARDSON ARPT,2019-05-29,27.8,4.4,0
CYWG,WINNIPEG/RICHARDSON ARPT,2019-05-30,30.4,11.8,0
CYWG,WINNIPEG/RICHARDSON ARPT,2019-05-31,16.7,3.4,0
CYWG,WINNIPEG/RICHARDSON ARPT,2019-06-01,19,0.1,0
CYWG,WINNIPEG/RICHARDSON ARPT,2019-06-02,18.3,-0.6,0
CYWG,WINNIPEG/RICHARDSON ARPT,2019-06-03,27.1,10.8,2.6
CYWG,WINNIPEG/RICHARDSON ARPT,2019-06-04,27.0,10.8,0.0
CYWG,WINNIPEG/RICHARDSON ARPT,2019-06-05,26.3,4.9,0.0
CYWG,WINNIPEG/RICHARDSON ARPT,2019-06-06,27.7,10.8,0.0
CYWG,WINNIPEG/RICHARDSON ARPT,2019-06-07,36.6,18.9,2.8
CYWG,WINNIPEG/RICHARDSON ARPT,2019-06-08,25.7,11.3,7.3
CYWG,WINNIPEG/RICHARDSON ARPT,2019-06-09,20.3,9.7,1.5
CYWG,WINNIPEG/RICHARDSON ARPT,2019-06-10,19.7,5.5,0.0
CYWG,WINNIPEG/RICHARDSON ARPT,2019-06-11,20.4,3.6,0.0
CYWG,WINNIPEG/RICHARDSON ARPT,2019-06-12,20.7,1.0,0.0
CYWG,WINNIPEG/RICHARDSON ARPT,2019-06-13,26.3,10.1,0.0
CYWG,WINNIPEG/RICHARDSON ARPT,2019-06-14,26.2,14.6,0.0
CYWG,WINNIPEG/RICHARDSON ARPT,2019-06-15,20.8,10.8,0.0
CYWG,WINNIPEG/RICHARDSON ARPT,2019-06-16,16.5,10.5,4.0
CYWG,WINNIPEG/RICHARDSON ARPT,2019-06-17,21.1,11.9,2.0
CYWG,WINNIPEG/RICHARDSON ARPT,2019-06-18,24.5,11.0,0.0
CYWG,WINNIPEG/RICHARDSON ARPT,2019-06-19,27.6,7.9,0.0
CYWG,WINNIPEG/RICHARDSON ARPT,2019-06-20,28.2,10.1,0.0
CYWG,WINNIPEG/RICHARDSON ARPT,2019-06-21,26.6,12.0,1.1
CYWG,WINNIPEG/RICHARDSON ARPT,2019-06-22,23.4,14.6,3.4
CYWG,WINNIPEG/RICHARDSON ARPT,2019-06-23,25.1,12.8,0.0
CYWG,WINNIPEG/RICHARDSON ARPT,2019-06-24,27.3,9.9,0.0
CYWG,WINNIPEG/RICHARDSON ARPT,2019-06-25,26.4,13.3,0.0
CYWG,WINNIPEG/RICHARDSON ARPT,2019-06-26,28.4,12.4,0.0
CYWG,WINNIPEG/RICHARDSON ARPT,2019-06-27,29.3,12.5,0.0
CYWG,WINNIPEG/RICHARDSON ARPT,2019-06-28,30.7,11.7,0.0
CYWG,WINNIPEG/RICHARDSON ARPT,2019-06-29,27.8,17.2,0.3
CYWG,WINNIPEG/RICHARDSON ARPT,2019-06-30,31.9,18.3,0.0
CYWG,WINNIPEG/RICHARDSON ARPT,2019-07-01,28.6,13.8,0.0
CYWG,WINNIPEG/RICHARDSON ARPT,2019-07-02,25.1,14.3,0.0
CYWG,WINNIPEG/RICHARDSON ARPT,2019-07-03,21.9,11.1,0.5
CYWG,WINNIPEG/RICHARDSON ARPT,2019-07-04,27.2,12.9,0.2
CYWG,WINNIPEG/RICHARDSON ARPT,2019-07-05,25.7,9.1,0.0
CYWG,WINNIPEG/RICHARDSON ARPT,2019-07-06,24.8,5.7,0.0
CYWG,WINNIPEG/RICHARDSON ARPT,2019-07-07,29.9,11.5,0.0
CYWG,WINNIPEG/RICHARDSON ARPT,2019-07-08,29.4,19.7,0.0
CYWG,WINNIPEG/RICHARDSON ARPT,2019-07-09,24.0,17.3,44.8
CYWG,WINNIPEG/RICHARDSON ARPT,2019-07-10,26.7,14.8,11.8
CYWG,WINNIPEG/RICHARDSON ARPT,2019-07-11,30.0,13.8,0.0
CYWG,WINNIPEG/RICHARDSON ARPT,2019-07-12,24.9,15.7,0.0
CYWG,WINNIPEG/RICHARDSON ARPT,2019-07-13,29.1,12.7,0.0
CYWG,WINNIPEG/RICHARDSON ARPT,2019-07-14,30.5,17.8,20.6
CYWG,WINNIPEG/RICHARDSON ARPT,2019-07-15,28.6,18.0,7.9
CYWG,WINNIPEG/RICHARDSON ARPT,2019-07-16,26.1,14.8,0.0
CYWG,WINNIPEG/RICHARDSON ARPT,2019-07-17,25.0,18.1,1.2
CYWG,WINNIPEG/RICHARDSON ARPT,2019-07-18,27.8,16.4,0.0
CYWG,WINNIPEG/RICHARDSON ARPT,2019-07-19,26.3,14.2,0.0
CYWG,WINNIPEG/RICHARDSON ARPT,2019-07-20,22.9,13.0,0.0
CYWG,WINNIPEG/RICHARDSON ARPT,2019-07-21,23.9,8.6,0.0
CYWG,WINNIPEG/RICHARDSON ARPT,2019-07-22,26.8,10.2,0.0
CYWG,WINNIPEG/RICHARDSON ARPT,2019-07-23,28.8,13.2,0.0
CYWG,WINNIPEG/RICHARDSON ARPT,2019-07-24,,,
CYWG,WINNIPEG/RICHARDSON ARPT,2019-07-25,29.5,19.1,0.0
CYWG,WINNIPEG/RICHARDSON ARPT,2019-07-26,25.6,14.7,0.7
CYWG,WINNIPEG/RICHARDSON ARPT,2019-07-27,29.1,14.5,0.0
CYWG,WINNIPEG/RICHARDSON ARPT,2019-07-28,27.4,17.4,0.0
CYWG,WINNIPEG/RICHARDSON ARPT,2019-07-29,22.5,8.5,0.0
CYWG,WINNIPEG/RICHARDSON ARPT,2019-07-30,25.0,5.7,0.2
CYWG,WINNIPEG/RICHARDSON ARPT,2019-07-31,29.0,12.1,0.0
CYWG,WINNIPEG/RICHARDSON ARPT,2019-08-01,31.7,16.0,0.0
CWNK,CARMAN U OF M CS,2019-05-01,8.6,-1.7,0
CWNK,CARMAN U OF M CS,2019-05-02,15.3,-3,0
CWNK,CARMAN U OF M CS,2019-05-03,17,5.1,1.9
CWNK,CARMAN U OF M CS,2019-05-04,13.4,1.9,0
CWNK,CARMAN U OF M CS,2019-05-05,6.3,-1.9,0
CWNK,CARMAN U OF M CS,2019-05-06,6.5,-3.2,0
CWNK,CARMAN U OF M CS,2019-05-07,14.9,-6,0
CWNK,CARMAN U OF M CS,2019-05-08,11.1,0.5,0
CWNK,CARMAN U OF M CS,2019-05-09,12.7,-1.9,0
CWNK,CARMAN U OF M CS,2019-05-10,17.4,-5.5,0
CWNK,CARMAN U OF M CS,2019-05-11,22.5,6.7,4
CWNK,CARMAN U OF M CS,2019-05-12,18.1,3.1,0
CWNK,CARMAN U OF M CS,2019-05-13,26.5,7.4,0
CWNK,CARMAN U OF M CS,2019-05-14,17.6,3.3,0
CWNK,CARMAN U OF M CS,2019-05-15,15.6,1,5
CWNK,CARMAN U OF M CS,2019-05-16,12,3.5,0
CWNK,CARMAN U OF M CS,2019-05-17,16.8,-3,0
CWNK,CARMAN U OF M CS,2019-05-18,13.4,2.5,0
CWNK,CARMAN U OF M CS,2019-05-19,15.3,2.5,0
CWNK,CARMAN U OF M CS,2019-05-20,21.9,4,0
CWNK,CARMAN U OF M CS,2019-05-21,23.8,1.8,0
CWNK,CARMAN U OF M CS,2019-05-22,14,7,1.9
CWNK,CARMAN U OF M CS,2019-05-23,21.9,7,0
CWNK,CARMAN U OF M CS,2019-05-24,12,5.3,14.7
CWNK,CARMAN U OF M CS,2019-05-25,20.9,5.8,0.9
CWNK,CARMAN U OF M CS,2019-05-26,7.7,2.2,8.6
CWNK,CARMAN U OF M CS,2019-05-27,18.9,-0.3,0
CWNK,CARMAN U OF M CS,2019-05-28,26.1,3.1,0
CWNK,CARMAN U OF M CS,2019-05-29,27.6,6.7,0
CWNK,CARMAN U OF M CS,2019-05-30,32.3,9.2,0
CWNK,CARMAN U OF M CS,2019-05-31,17.2,6.1,0
CWNK,CARMAN U OF M CS,2019-06-01,19.7,3,0
CWNK,CARMAN U OF M CS,2019-06-02,18.8,1.4,0
CWNK,CARMAN U OF M CS,2019-06-03,32.7,8.5,0.0
CWNK,CARMAN U OF M CS,2019-06-04,28.6,12.8,0.0
CWNK,CARMAN U OF M CS,2019-06-05,27.0,8.6,0.0
CWNK,CARMAN U OF M CS,2019-06-06,28.0,10.2,0.0
CWNK,CARMAN U OF M CS,2019-06-07,37.3,15.1,0.0
CWNK,CARMAN U OF M CS,2019-06-08,22.7,9.5,5.0
CWNK,CARMAN U OF M CS,2019-06-09,20.5,8.4,0.0
CWNK,CARMAN U OF M CS,2019-06-10,21.2,7.7,0.0
CWNK,CARMAN U OF M CS,2019-06-11,19.2,4.3,0.2
CWNK,CARMAN U OF M CS,2019-06-12,21.0,1.9,0.0
CWNK,CARMAN U OF M CS,2019-06-13,26.5,7.6,0.0
CWNK,CARMAN U OF M CS,2019-06-14,26.9,9.9,0.0
CWNK,CARMAN U OF M CS,2019-06-15,16.7,10.4,1.9
CWNK,CARMAN U OF M CS,2019-06-16,15.2,10.2,6.1
CWNK,CARMAN U OF M CS,2019-06-17,20.2,10.2,3.3
CWNK,CARMAN U OF M CS,2019-06-18,22.5,9.5,0.0
CWNK,CARMAN U OF M CS,2019-06-19,25.2,6.9,0.0
CWNK,CARMAN U OF M CS,2019-06-20,26.6,9.2,0.0
CWNK,CARMAN U OF M CS,2019-06-21,22.9,12.3,11.1
CWNK,CARMAN U OF M CS,2019-06-22,22.1,12.4,5.2
CWNK,CARMAN U OF M CS,2019-06-23,24.1,12.0,0.0
CWNK,CARMAN U OF M CS,2019-06-24,26.5,10.7,0.0
CWNK,CARMAN U OF M CS,2019-06-25,25.9,13.5,0.0
CWNK,CARMAN U OF M CS,2019-06-26,28.5,12.1,0.0
CWNK,CARMAN U OF M CS,2019-06-27,28.4,13.0,0.0
CWNK,CARMAN U OF M CS,2019-06-28,28.9,12.3,0.0
CWNK,CARMAN U OF M CS,2019-06-29,27.7,14.7,5.1
CWNK,CARMAN U OF M CS,2019-06-30,30.4,17.5,0.0
CWNK,CARMAN U OF M CS,2019-07-01,28.2,13.9,0.0
CWNK,CARMAN U OF M CS,2019-07-02,26.3,13.7,0.3
CWNK,CARMAN U OF M CS,2019-07-03,22.0,13.0,2.4
CWNK,CARMAN U OF M CS,2019-07-04,26.4,10.7,0.0
CWNK,CARMAN U OF M CS,2019-07-05,24.8,12.0,0.0
CWNK,CARMAN U OF M CS,2019-07-06,24.6,6.1,0.0
CWNK,CARMAN U OF M CS,2019-07-07,29.1,9.2,0.0
CWNK,CARMAN U OF M CS,2019-07-08,30.0,16.9,0.3
CWNK,CARMAN U OF M CS,2019-07-09,21.7,13.5,17.4
CWNK,CARMAN U OF M CS,2019-07-10,25.7,10.9,16.8
CWNK,CARMAN U OF M CS,2019-07-11,29.1,9.8,2.2
CWNK,CARMAN U OF M CS,2019-07-12,24.4,14.2,0.0
CWNK,CARMAN U OF M CS,2019-07-13,28.9,11.9,0.0
CWNK,CARMAN U OF M CS,2019-07-14,30.0,18.5,7.9
CWNK,CARMAN U OF M CS,2019-07-15,28.1,17.6,4.2
CWNK,CARMAN U OF M CS,2019-07-16,25.9,16.3,0.0
CWNK,CARMAN U OF M CS,2019-07-17,24.0,16.5,5.7
CWNK,CARMAN U OF M CS,2019-07-18,28.2,14.1,0.0
CWNK,CARMAN U OF M CS,2019-07-19,25.5,12.4,0.0
CWNK,CARMAN U OF M CS,2019-07-20,23.9,12.4,0.0
CWNK,CARMAN U OF M CS,2019-07-21,22.9,10.9,0.0
CWNK,CARMAN U OF M CS,2019-07-22,26.7,9.9,0.0
CWNK,CARMAN U OF M CS,2019-07-23,28.7,12.7,0.0
CWNK,CARMAN U OF M CS,2019-07-24,29.5,10.6,0.0
CWNK,CARMAN U OF M CS,2019-07-25,28.9,15.6,0.0
CWNK,CARMAN U OF M CS,2019-07-26,26.4,15.4,0.0
CWNK,CARMAN U OF M CS,2019-07-27,30.0,15.4,0.0
CWNK,CARMAN U OF M CS,2019-07-28,27.5,14.1,0.2
CWNK,CARMAN U OF M CS,2019-07-29,21.3,7.3,0.0
CWNK,CARMAN U OF M CS,2019-07-30,26.1,3.4,0.0
CWNK,CARMAN U OF M CS,2019-07-31,30.8,6.9,0.0
CWNK,CARMAN U OF M CS,2019-08-01,31.6,15.0,0.0
CXDW,DEERWOOD RCS,2019-05-01,8.5,-3.9,0
CXDW,DEERWOOD RCS,2019-05-02,14.9,-0.7,0
CXDW,DEERWOOD RCS,2019-05-03,16.5,5.5,3
CXDW,DEERWOOD RCS,2019-05-04,12.3,1.6,0
CXDW,DEERWOOD RCS,2019-05-05,6.9,-2.4,0
CXDW,DEERWOOD RCS,2019-05-06,6.4,-4.2,0
CXDW,DEERWOOD RCS,2019-05-07,15.1,-3.8,0
CXDW,DEERWOOD RCS,2019-05-08,12.3,2.1,0
CXDW,DEERWOOD RCS,2019-05-09,12.5,-2.7,0
CXDW,DEERWOOD RCS,2019-05-10,17.9,-3.1,0
CXDW,DEERWOOD RCS,2019-05-11,21.7,7.4,2
CXDW,DEERWOOD RCS,2019-05-12,18.4,1.6,0.3
CXDW,DEERWOOD RCS,2019-05-13,26.5,8.5,0
CXDW,DEERWOOD RCS,2019-05-14,17.8,4,0.4
CXDW,DEERWOOD RCS,2019-05-15,16.3,3.3,8.4
CXDW,DEERWOOD RCS,2019-05-16,12.7,-0.5,0
CXDW,DEERWOOD RCS,2019-05-17,16.8,-3,0
CXDW,DEERWOOD RCS,2019-05-18,13.4,2.5,0
CXDW,DEERWOOD RCS,2019-05-19,15.3,2.5,0
CXDW,DEERWOOD RCS,2019-05-20,21.9,4,0
CXDW,DEERWOOD RCS,2019-05-21,23,-0.4,0.4
CXDW,DEERWOOD RCS,2019-05-22,13,7.8,1.3
CXDW,DEERWOOD RCS,2019-05-23,21.1,7.5,0
CXDW,DEERWOOD RCS,2019-05-24,11.5,4.2,14.8
CXDW,DEERWOOD RCS,2019-05-25,20.4,6.9,1.6
CXDW,DEERWOOD RCS,2019-05-26,7.4,1.8,4.8
CXDW,DEERWOOD RCS,2019-05-27,17.6,-0.5,0.2
CXDW,DEERWOOD RCS,2019-05-28,26.5,6.4,0
CXDW,DEERWOOD RCS,2019-05-29,28.1,7.3,0.3
CXDW,DEERWOOD RCS,2019-05-30,33.2,17.1,0
CXDW,DEERWOOD RCS,2019-05-31,17.2,6,0
CXDW,DEERWOOD RCS,2019-06-01,20.4,3.8,0
CXDW,DEERWOOD RCS,2019-06-02,19.4,0.7,0
CXDW,DEERWOOD RCS,2019-06-03,32.8,7.1,0.2
CXDW,DEERWOOD RCS,2019-06-04,29.3,11.7,0.0
CXDW,DEERWOOD RCS,2019-06-05,,,
CXDW,DEERWOOD RCS,2019-06-06,27.6,10.7,0.0
CXDW,DEERWOOD RCS,2019-06-07,36.5,14.0,0.0
CXDW,DEERWOOD RCS,2019-06-08,22.6,10.2,3.8
CXDW,DEERWOOD RCS,2019-06-09,20.3,8.9,0.0
CXDW,DEERWOOD RCS,2019-06-10,20.9,6.1,0.0
CXDW,DEERWOOD RCS,2019-06-11,18.4,3.1,0.3
CXDW,DEERWOOD RCS,2019-06-12,20.9,2.4,1.0
CXDW,DEERWOOD RCS,2019-06-13,26.1,12.0,0.0
CXDW,DEERWOOD RCS,2019-06-14,27.2,9.9,0.0
CXDW,DEERWOOD RCS,2019-06-15,16.2,10.3,10.6
CXDW,DEERWOOD RCS,2019-06-16,14.7,10.2,6.3
CXDW,DEERWOOD RCS,2019-06-17,19.1,11.0,3.4
CXDW,DEERWOOD RCS,2019-06-18,21.1,8.9,0.2
CXDW,DEERWOOD RCS,2019-06-19,24.5,10.3,0.0
CXDW,DEERWOOD RCS,2019-06-20,24.9,7.8,0.6
CXDW,DEERWOOD RCS,2019-06-21,21.3,10.4,8.8
CXDW,DEERWOOD RCS,2019-06-22,22.5,13.5,0.2
CXDW,DEERWOOD RCS,2019-06-23,22.8,12.9,0.0
CXDW,DEERWOOD RCS,2019-06-24,25.7,13.6,8.6
CXDW,DEERWOOD RCS,2019-06-25,24.1,13.4,0.0
CXDW,DEERWOOD RCS,2019-06-26,26.5,13.2,0.2
CXDW,DEERWOOD RCS,2019-06-27,27.4,13.5,0.7
CXDW,DEERWOOD RCS,2019-06-28,28.3,11.2,0.7
CXDW,DEERWOOD RCS,2019-06-29,27.9,13.4,8.2
CXDW,DEERWOOD RCS,2019-06-30,28.5,17.5,0.0
CXDW,DEERWOOD RCS,2019-07-01,26.7,15.1,0.0
CXDW,DEERWOOD RCS,2019-07-02,24.2,14.4,2.4
CXDW,DEERWOOD RCS,2019-07-03,20.9,12.9,2.4
CXDW,DEERWOOD RCS,2019-07-04,25.2,13.7,0.0
CXDW,DEERWOOD RCS,2019-07-05,24.5,10.6,0.0
CXDW,DEERWOOD RCS,2019-07-06,24.0,7.6,0.5
CXDW,DEERWOOD RCS,2019-07-07,28.1,11.8,0.5
CXDW,DEERWOOD RCS,2019-07-08,31.4,19.0,0.3
CXDW,DEERWOOD RCS,2019-07-09,21.3,17.2,25.3
CXDW,DEERWOOD RCS,2019-07-10,24.8,14.8,15.1
CXDW,DEERWOOD RCS,2019-07-11,28.7,15.6,0.8
CXDW,DEERWOOD RCS,2019-07-12,24.9,16.1,0.4
CXDW,DEERWOOD RCS,2019-07-13,28.5,14.2,0.0
CXDW,DEERWOOD RCS,2019-07-14,29.5,18.7,27.2
CXDW,DEERWOOD RCS,2019-07-15,27.4,19.2,0.9
CXDW,DEERWOOD RCS,2019-07-16,25.5,15.3,0.4
CXDW,DEERWOOD RCS,2019-07-17,25.0,15.7,3.6
CXDW,DEERWOOD RCS,2019-07-18,27.6,16.8,0.8
CXDW,DEERWOOD RCS,2019-07-19,24.1,15.3,0.4
CXDW,DEERWOOD RCS,2019-07-20,23.6,12.9,0.0
CXDW,DEERWOOD RCS,2019-07-21,22.5,10.1,0.0
CXDW,DEERWOOD RCS,2019-07-22,26.0,13.8,0.0
CXDW,DEERWOOD RCS,2019-07-23,27.3,16.2,0.0
CXDW,DEERWOOD RCS,2019-07-24,28.6,17.0,0.2
CXDW,DEERWOOD RCS,2019-07-25,27.4,18.1,0.0
CXDW,DEERWOOD RCS,2019-07-26,25.4,16.3,0.0
CXDW,DEERWOOD RCS,2019-07-27,29.6,16.2,0.0
CXDW,DEERWOOD RCS,2019-07-28,27.0,17.5,0.0
CXDW,DEERWOOD RCS,2019-07-29,21.6,7.3,0.0
CXDW,DEERWOOD RCS,2019-07-30,25.3,6.1,0.2
CXDW,DEERWOOD RCS,2019-07-31,30.0,12.0,1.4
CXDW,DEERWOOD RCS,2019-08-01,30.5,16.6,0.2
CXMD,MORDEN CDA CS,2019-05-01,7.6,0.3,0
CXMD,MORDEN CDA CS,2019-05-02,14.8,-1.3,0
CXMD,MORDEN CDA CS,2019-05-03,16.6,5.2,2.8
CXMD,MORDEN CDA CS,2019-05-04,11.9,3.4,0
CXMD,MORDEN CDA CS,2019-05-05,7.4,-0.9,0
CXMD,MORDEN CDA CS,2019-05-06,6.7,-2.9,0
CXMD,MORDEN CDA CS,2019-05-07,14.8,-3.5,0
CXMD,MORDEN CDA CS,2019-05-08,11.9,2.6,0
CXMD,MORDEN CDA CS,2019-05-09,12.1,-1.6,0
CXMD,MORDEN CDA CS,2019-05-10,17.9,-2.1,0
CXMD,MORDEN CDA CS,2019-05-11,20.7,9.2,6.3
CXMD,MORDEN CDA CS,2019-05-12,17.6,4.6,1.4
CXMD,MORDEN CDA CS,2019-05-13,25.6,7.9,0
CXMD,MORDEN CDA CS,2019-05-14,17.9,5,0
CXMD,MORDEN CDA CS,2019-05-15,22.3,3.1,6
CXMD,MORDEN CDA CS,2019-05-16,12,3.1,0
CXMD,MORDEN CDA CS,2019-05-17,15.6,-1.1,0
CXMD,MORDEN CDA CS,2019-05-18,12.7,3.3,0
CXMD,MORDEN CDA CS,2019-05-19,15.3,3.6,0
CXMD,MORDEN CDA CS,2019-05-20,20.7,6,0
CXMD,MORDEN CDA CS,2019-05-21,23.4,1.4,0
CXMD,MORDEN CDA CS,2019-05-22,14.8,8.3,3.9
CXMD,MORDEN CDA CS,2019-05-23,21.3,7.9,0
CXMD,MORDEN CDA CS,2019-05-24,10.9,6,11.8
CXMD,MORDEN CDA CS,2019-05-25,20.4,7.5,0.8
CXMD,MORDEN CDA CS,2019-05-26,7.9,4.4,1.9
CXMD,MORDEN CDA CS,2019-05-27,18.5,0.4,0
CXMD,MORDEN CDA CS,2019-05-28,25.8,4,0
CXMD,MORDEN CDA CS,2019-05-29,28.2,7.6,0
CXMD,MORDEN CDA CS,2019-05-30,32.5,14.2,0
CXMD,MORDEN CDA CS,2019-05-31,19.8,7.4,0
CXMD,MORDEN CDA CS,2019-06-01,20.5,3,0
CXMD,MORDEN CDA CS,2019-06-02,20.1,2.5,0
CXMD,MORDEN CDA CS,2019-06-03,33.0,9.4,0.0
CXMD,MORDEN CDA CS,2019-06-04,30.5,13.9,0.0
CXMD,MORDEN CDA CS,2019-06-05,28.4,9.1,0.0
CXMD,MORDEN CDA CS,2019-06-06,28.7,11.9,0.0
CXMD,MORDEN CDA CS,2019-06-07,36.7,16.4,0.0
CXMD,MORDEN CDA CS,2019-06-08,23.0,10.7,20.2
CXMD,MORDEN CDA CS,2019-06-09,20.5,9.0,0.0
CXMD,MORDEN CDA CS,2019-06-10,21.1,7.7,0.0
CXMD,MORDEN CDA CS,2019-06-11,19.1,5.2,0.3
CXMD,MORDEN CDA CS,2019-06-12,20.9,3.3,0.0
CXMD,MORDEN CDA CS,2019-06-13,25.9,7.6,0.0
CXMD,MORDEN CDA CS,2019-06-14,27.0,11.1,0.0
CXMD,MORDEN CDA CS,2019-06-15,16.7,11.1,9.1
CXMD,MORDEN CDA CS,2019-06-16,14.2,10.9,4.0
CXMD,MORDEN CDA CS,2019-06-17,19.3,11.3,4.0
CXMD,MORDEN CDA CS,2019-06-18,21.6,8.2,0.0
CXMD,MORDEN CDA CS,2019-06-19,25.2,7.6,0.0
CXMD,MORDEN CDA CS,2019-06-20,25.4,9.9,0.0
CXMD,MORDEN CDA CS,2019-06-21,21.8,11.5,10.1
CXMD,MORDEN CDA CS,2019-06-22,22.4,14.4,1.3
CXMD,MORDEN CDA CS,2019-06-23,23.8,13.9,0.0
CXMD,MORDEN CDA CS,2019-06-24,26.0,13.0,5.0
CXMD,MORDEN CDA CS,2019-06-25,25.0,15.7,0.0
CXMD,MORDEN CDA CS,2019-06-26,27.8,14.5,0.0
CXMD,MORDEN CDA CS,2019-06-27,28.7,14.3,0.0
CXMD,MORDEN CDA CS,2019-06-28,28.8,13.7,0.0
CXMD,MORDEN CDA CS,2019-06-29,29.0,14.4,7.7
CXMD,MORDEN CDA CS,2019-06-30,29.8,19.6,0.0
CXMD,MORDEN CDA CS,2019-07-01,27.7,15.9,0.0
CXMD,MORDEN CDA CS,2019-07-02,25.4,16.0,0.5
CXMD,MORDEN CDA CS,2019-07-03,20.9,13.8,3.7
CXMD,MORDEN CDA CS,2019-07-04,25.8,12.6,0.0
CXMD,MORDEN CDA CS,2019-07-05,25.3,14.6,0.0
CXMD,MORDEN CDA CS,2019-07-06,24.5,9.1,0.0
CXMD,MORDEN CDA CS,2019-07-07,28.3,11.0,0.0
CXMD,MORDEN CDA CS,2019-07-08,31.7,17.6,16.9
CXMD,MORDEN CDA CS,2019-07-09,21.6,17.2,6.6
CXMD,MORDEN CDA CS,2019-07-10,25.5,15.5,21.1
CXMD,MORDEN CDA CS,2019-07-11,29.2,14.2,0.0
CXMD,MORDEN CDA CS,2019-07-12,25.8,16.1,0.0
CXMD,MORDEN CDA CS,2019-07-13,29.3,14.6,0.0
CXMD,MORDEN CDA CS,2019-07-14,30.3,18.8,14.5
CXMD,MORDEN CDA CS,2019-07-15,28.6,19.8,0.0
CXMD,MORDEN CDA CS,2019-07-16,25.9,17.0,0.0
CXMD,MORDEN CDA CS,2019-07-17,24.8,17.2,8.8
CXMD,MORDEN CDA CS,2019-07-18,28.3,17.8,0.0
CXMD,MORDEN CDA CS,2019-07-19,25.7,14.1,0.0
CXMD,MORDEN CDA CS,2019-07-20,24.2,15.8,0.0
CXMD,MORDEN CDA CS,2019-07-21,22.5,11.9,0.0
CXMD,MORDEN CDA CS,2019-07-22,26.4,11.8,0.0
CXMD,MORDEN CDA CS,2019-07-23,28.4,15.8,0.0
CXMD,MORDEN CDA CS,2019-07-24,29.3,16.0,0.0
CXMD,MORDEN CDA CS,2019-07-25,28.1,18.2,0.0
CXMD,MORDEN CDA CS,2019-07-26,25.0,16.7,0.0
CXMD,MORDEN CDA CS,2019-07-27,29.4,16.6,0.0
CXMD,MORDEN CDA CS,2019-07-28,26.9,16.6,0.3
CXMD,MORDEN CDA CS,2019-07-29,21.7,9.8,0.0
CXMD,MORDEN CDA CS,2019-07-30,24.9,6.9,0.0
CXMD,MORDEN CDA CS,2019-07-31,30.2,9.7,0.0
CXMD,MORDEN CDA CS,2019-08-01,30.4,17.3,0.0
CWGN,GRETNA,2019-05-01,6.4,1.7,0.4
CWGN,GRETNA,2019-05-02,15,-1.2,0.2
CWGN,GRETNA,2019-05-03,17.1,4.6,1.6
CWGN,GRETNA,2019-05-04,13.1,2.3,0
CWGN,GRETNA,2019-05-05,8.5,-5.6,0
CWGN,GRETNA,2019-05-06,6.7,-5.4,0
CWGN,GRETNA,2019-05-07,14.9,-4.8,0
CWGN,GRETNA,2019-05-08,13.8,1.5,0
CWGN,GRETNA,2019-05-09,13.9,-1.5,0
CWGN,GRETNA,2019-05-10,17.9,-5.6,0
CWGN,GRETNA,2019-05-11,20,7.8,2
CWGN,GRETNA,2019-05-12,17.6,6.6,8.7
CWGN,GRETNA,2019-05-13,25.3,4.6,0
CWGN,GRETNA,2019-05-14,20.5,5.5,0
CWGN,GRETNA,2019-05-15,23,0.3,2.1
CWGN,GRETNA,2019-05-16,13.7,1.6,0
CWGN,GRETNA,2019-05-17,17,-3.5,0
CWGN,GRETNA,2019-05-18,14.1,4.5,0
CWGN,GRETNA,2019-05-19,17.2,3.7,0
CWGN,GRETNA,2019-05-20,22,1,0
CWGN,GRETNA,2019-05-21,24.2,0.8,0
CWGN,GRETNA,2019-05-22,15.5,8.2,4.1
CWGN,GRETNA,2019-05-23,22,7.2,0
CWGN,GRETNA,2019-05-24,11.7,5.9,11.1
CWGN,GRETNA,2019-05-25,20.1,8.1,0
CWGN,GRETNA,2019-05-26,9.6,5.8,2.7
CWGN,GRETNA,2019-05-27,19.3,1,0.2
CWGN,GRETNA,2019-05-28,27,3,0
CWGN,GRETNA,2019-05-29,29.7,7.1,0
CWGN,GRETNA,2019-05-30,33.2,11.9,0
CWGN,GRETNA,2019-05-31,23.8,6.5,0
CWGN,GRETNA,2019-06-01,21.6,3.5,0
CWGN,GRETNA,2019-06-02,20.3,0,0
CWGN,GRETNA,2019-06-03,32.4,9.0,0.0
CWGN,GRETNA,2019-06-04,32.8,14.8,0.0
CWGN,GRETNA,2019-06-05,27.8,8.1,0.0
CWGN,GRETNA,2019-06-06,29.0,10.8,0.0
CWGN,GRETNA,2019-06-07,36.7,17.6,0.6
CWGN,GRETNA,2019-06-08,22.5,11.2,23.8
CWGN,GRETNA,2019-06-09,20.6,9.5,0.0
CWGN,GRETNA,2019-06-10,21.3,6.4,0.0
CWGN,GRETNA,2019-06-11,20.1,5.5,0.0
CWGN,GRETNA,2019-06-12,20.2,2.8,0.0
CWGN,GRETNA,2019-06-13,26.1,10.1,0.0
CWGN,GRETNA,2019-06-14,27.1,10.4,0.0
CWGN,GRETNA,2019-06-15,16.2,11.6,3.2
CWGN,GRETNA,2019-06-16,14.6,11.3,4.2
CWGN,GRETNA,2019-06-17,20.3,11.3,3.9
CWGN,GRETNA,2019-06-18,22.8,8.4,0.0
CWGN,GRETNA,2019-06-19,,,
CWGN,GRETNA,2019-06-20,26.4,9.2,0.0
CWGN,GRETNA,2019-06-21,22.0,10.6,4.9
CWGN,GRETNA,2019-06-22,21.8,14.1,5.9
CWGN,GRETNA,2019-06-23,25.1,12.9,0.0
CWGN,GRETNA,2019-06-24,25.8,12.4,1.3
CWGN,GRETNA,2019-06-25,25.3,14.1,6.5
CWGN,GRETNA,2019-06-26,28.6,11.3,0.0
CWGN,GRETNA,2019-06-27,28.6,13.0,0.0
CWGN,GRETNA,2019-06-28,28.5,13.8,0.0
CWGN,GRETNA,2019-06-29,28.3,15.0,6.7
CWGN,GRETNA,2019-06-30,29.6,18.6,0.0
CWGN,GRETNA,2019-07-01,27.9,13.9,0.0
CWGN,GRETNA,2019-07-02,27.3,14.5,0.0
CWGN,GRETNA,2019-07-03,23.2,13.8,6.3
CWGN,GRETNA,2019-07-04,26.0,12.2,0.2
CWGN,GRETNA,2019-07-05,25.7,11.8,0.0
CWGN,GRETNA,2019-07-06,24.8,7.8,0.0
CWGN,GRETNA,2019-07-07,28.5,9.0,0.0
CWGN,GRETNA,2019-07-08,32.3,17.5,2.4
CWGN,GRETNA,2019-07-09,21.6,16.9,6.9
CWGN,GRETNA,2019-07-10,26.0,14.6,7.9
CWGN,GRETNA,2019-07-11,29.0,11.8,0.0
CWGN,GRETNA,2019-07-12,25.5,14.7,0.0
CWGN,GRETNA,2019-07-13,29.5,12.4,0.0
CWGN,GRETNA,2019-07-14,31.1,18.6,17.3
CWGN,GRETNA,2019-07-15,29.2,18.3,0.0
CWGN,GRETNA,2019-07-16,26.9,14.7,0.0
CWGN,GRETNA,2019-07-17,24.6,16.7,1.6
CWGN,GRETNA,2019-07-18,28.8,16.3,4.2
CWGN,GRETNA,2019-07-19,27.5,13.2,0.0
CWGN,GRETNA,2019-07-20,25.3,12.8,0.0
CWGN,GRETNA,2019-07-21,23.3,9.5,0.2
CWGN,GRETNA,2019-07-22,27.2,10.7,0.0
CWGN,GRETNA,2019-07-23,29.3,12.6,0.0
CWGN,GRETNA,2019-07-24,30.2,12.6,0.0
CWGN,GRETNA,2019-07-25,29.9,18.8,0.0
CWGN,GRETNA,2019-07-26,25.9,16.7,1.1
CWGN,GRETNA,2019-07-27,29.9,15.3,0.0
CWGN,GRETNA,2019-07-28,28.8,15.7,0.0
CWGN,GRETNA,2019-07-29,22.6,7.9,0.0
CWGN,GRETNA,2019-07-30,25.3,4.0,0.0
CWGN,GRETNA,2019-07-31,29.5,9.5,0.9
CWGN,GRETNA,2019-08-01,32.2,13.9,0.2
CWEX,EMERSON,2019-05-01,5.9,2.4,3.5
CWEX,EMERSON,2019-05-02,13.9,0,0
CWEX,EMERSON,2019-05-03,15,5.2,2.5
CWEX,EMERSON,2019-05-04,12.9,2.3,0
CWEX,EMERSON,2019-05-05,8.2,-4,0
CWEX,EMERSON,2019-05-06,6.2,-2,0
CWEX,EMERSON,2019-05-07,13.6,-1.7,0
CWEX,EMERSON,2019-05-08,13.6,3,0
CWEX,EMERSON,2019-05-09,13.2,-1.3,0
CWEX,EMERSON,2019-05-10,17.4,-2.9,0
CWEX,EMERSON,2019-05-11,19.9,8.3,2.7
CWEX,EMERSON,2019-05-12,17.1,7.6,3.4
CWEX,EMERSON,2019-05-13,25.4,7.6,1.2
CWEX,EMERSON,2019-05-14,20.4,2.8,0
CWEX,EMERSON,2019-05-15,22.3,2.3,4.9
CWEX,EMERSON,2019-05-16,13.7,2.2,0
CWEX,EMERSON,2019-05-17,16.7,-3,0
CWEX,EMERSON,2019-05-18,13.2,4.2,0
CWEX,EMERSON,2019-05-19,16,3.7,0
CWEX,EMERSON,2019-05-20,21,0.8,0
CWEX,EMERSON,2019-05-21,22.8,2.6,0
CWEX,EMERSON,2019-05-22,14.9,8,4.3
CWEX,EMERSON,2019-05-23,21.1,7.4,0.3
CWEX,EMERSON,2019-05-24,11.6,6.9,10.2
CWEX,EMERSON,2019-05-25,19.7,7.9,0.2
CWEX,EMERSON,2019-05-26,9,6.3,3
CWEX,EMERSON,2019-05-27,19.3,2.2,0
CWEX,EMERSON,2019-05-28,27.2,3,0
CWEX,EMERSON,2019-05-29,28,6.4,0
CWEX,EMERSON,2019-05-30,32.9,12.3,0
CWEX,EMERSON,2019-05-31,23.5,6.1,0
CWEX,EMERSON,2019-06-01,22.1,1.6,0
CWEX,EMERSON,2019-06-02,19.1,1.7,0
CWEX,EMERSON,2019-06-03,32.5,9.5,0.0
CWEX,EMERSON,2019-06-04,32.8,15.7,0.0
CWEX,EMERSON,2019-06-05,27.5,8.1,0.0
CWEX,EMERSON,2019-06-06,28.1,10.1,0.0
CWEX,EMERSON,2019-06-07,37.0,18.1,0.9
CWEX,EMERSON,2019-06-08,23.2,11.7,15.1
CWEX,EMERSON,2019-06-09,20.8,9.9,0.0
CWEX,EMERSON,2019-06-10,20.4,6.5,0.0
CWEX,EMERSON,2019-06-11,20.1,3.9,0.0
CWEX,EMERSON,2019-06-12,20.4,1.7,0.0
CWEX,EMERSON,2019-06-13,26.2,7.4,0.0
CWEX,EMERSON,2019-06-14,27.2,12.8,0.0
CWEX,EMERSON,2019-06-15,16.6,11.9,2.2
CWEX,EMERSON,2019-06-16,15.1,11.8,4.3
CWEX,EMERSON,2019-06-17,19.9,11.5,1.4
CWEX,EMERSON,2019-06-18,23.5,9.5,0.0
CWEX,EMERSON,2019-06-19,25.6,9.1,0.0
CWEX,EMERSON,2019-06-20,26.7,12.2,0.0
CWEX,EMERSON,2019-06-21,22.9,12.4,0.0
CWEX,EMERSON,2019-06-22,21.2,14.5,4.3
CWEX,EMERSON,2019-06-23,25.1,13.0,0.0
CWEX,EMERSON,2019-06-24,26.2,11.8,2.0
CWEX,EMERSON,2019-06-25,24.5,13.9,2.9
CWEX,EMERSON,2019-06-26,27.9,11.5,0.0
CWEX,EMERSON,2019-06-27,29.2,13.1,0.0
CWEX,EMERSON,2019-06-28,29.0,14.8,0.0
CWEX,EMERSON,2019-06-29,27.9,16.6,8.9
CWEX,EMERSON,2019-06-30,28.8,16.0,0.0
CWEX,EMERSON,2019-07-01,27.0,13.0,0.0
CWEX,EMERSON,2019-07-02,26.7,14.6,0.0
CWEX,EMERSON,2019-07-03,23.5,13.4,2.7
CWEX,EMERSON,2019-07-04,25.4,12.2,0.0
CWEX,EMERSON,2019-07-05,25.4,12.5,0.0
CWEX,EMERSON,2019-07-06,24.4,6.2,0.0
CWEX,EMERSON,2019-07-07,27.7,9.9,0.0
CWEX,EMERSON,2019-07-08,31.3,18.1,8.4
CWEX,EMERSON,2019-07-09,21.6,17.5,30.5
CWEX,EMERSON,2019-07-10,25.0,15.1,10.8
CWEX,EMERSON,2019-07-11,28.0,13.0,0.0
CWEX,EMERSON,2019-07-12,24.3,15.3,0.0
CWEX,EMERSON,2019-07-13,28.7,13.6,0.0
CWEX,EMERSON,2019-07-14,30.5,19.5,7.6
CWEX,EMERSON,2019-07-15,28.6,17.6,2.1
CWEX,EMERSON,2019-07-16,26.5,14.8,0.0
CWEX,EMERSON,2019-07-17,24.9,17.7,0.0
CWEX,EMERSON,2019-07-18,28.6,16.8,0.6
CWEX,EMERSON,2019-07-19,26.5,13.0,0.0
CWEX,EMERSON,2019-07-20,24.6,12.5,0.0
CWEX,EMERSON,2019-07-21,22.5,9.2,0.0
CWEX,EMERSON,2019-07-22,26.1,8.2,0.0
CWEX,EMERSON,2019-07-23,28.7,10.8,0.0
CWEX,EMERSON,2019-07-24,28.8,14.1,0.0
CWEX,EMERSON,2019-07-25,29.0,16.6,0.0
CWEX,EMERSON,2019-07-26,25.3,14.3,3.9
CWEX,EMERSON,2019-07-27,29.1,13.9,0.0
CWEX,EMERSON,2019-07-28,28.8,14.7,0.0
CWEX,EMERSON,2019-07-29,21.5,7.2,0.0
CWEX,EMERSON,2019-07-30,23.8,4.7,0.0
CWEX,EMERSON,2019-07-31,27.4,11.6,0.0
CWEX,EMERSON,2019-08-01,31.4,15.3,0.0
CWEA,PINAWA,2019-05-01,6.6,2.3,1.2
CWEA,PINAWA,2019-05-02,12.8,1.9,1.2
CWEA,PINAWA,2019-05-03,11,1.6,5.2
CWEA,PINAWA,2019-05-04,11.8,-0.9,0
CWEA,PINAWA,2019-05-05,5.8,-2.1,0.9
CWEA,PINAWA,2019-05-06,6,-3.7,0
CWEA,PINAWA,2019-05-07,13.6,-7.1,0.9
CWEA,PINAWA,2019-05-08,11.1,1.5,0.7
CWEA,PINAWA,2019-05-09,12.9,-0.5,0
CWEA,PINAWA,2019-05-10,15.9,-4.8,0.8
CWEA,PINAWA,2019-05-11,22.3,9.1,0
CWEA,PINAWA,2019-05-12,16.6,1.8,0.5
CWEA,PINAWA,2019-05-13,24.2,1.8,0.2
CWEA,PINAWA,2019-05-14,13.2,0.8,0
CWEA,PINAWA,2019-05-15,17.7,-2.3,7.6
CWEA,PINAWA,2019-05-16,9.7,0.7,0
CWEA,PINAWA,2019-05-17,15.2,-3.6,0.9
CWEA,PINAWA,2019-05-18,13.6,1.8,0
CWEA,PINAWA,2019-05-19,16.2,1.9,0.6
CWEA,PINAWA,2019-05-20,19.8,-0.2,0.9
CWEA,PINAWA,2019-05-21,22.3,-0.4,1.6
CWEA,PINAWA,2019-05-22,15.3,8.8,0.2
CWEA,PINAWA,2019-05-23,20.8,7,0.2
CWEA,PINAWA,2019-05-24,14,4.1,7.7
CWEA,PINAWA,2019-05-25,19.9,6.3,0.7
CWEA,PINAWA,2019-05-26,14.1,1.2,0.9
CWEA,PINAWA,2019-05-27,19.3,-2.3,1.4
CWEA,PINAWA,2019-05-28,23.9,0,1.4
CWEA,PINAWA,2019-05-29,24.7,2.7,2
CWEA,PINAWA,2019-05-30,24.5,7.1,0.6
CWEA,PINAWA,2019-05-31,16.5,5.7,0.5
CWEA,PINAWA,2019-06-01,15.2,0.3,1.8
CWEA,PINAWA,2019-06-02,16.2,-1,2
CWEA,PINAWA,2019-06-03,18.3,8.9,
CWEA,PINAWA,2019-06-04,25.4,10.4,
CWEA,PINAWA,2019-06-05,24.4,9.0,
CWEA,PINAWA,2019-06-06,26.1,11.4,
CWEA,PINAWA,2019-06-07,34.1,13.2,
CWEA,PINAWA,2019-06-08,24.6,11.5,
CWEA,PINAWA,2019-06-09,18.4,8.0,
CWEA,PINAWA,2019-06-10,18.5,7.8,
CWEA,PINAWA,2019-06-11,16.4,7.0,
CWEA,PINAWA,2019-06-12,19.2,1.0,
CWEA,PINAWA,2019-06-13,24.7,6.4,
CWEA,PINAWA,2019-06-14,23.9,10.6,
CWEA,PINAWA,2019-06-15,20.8,6.8,
CWEA,PINAWA,2019-06-16,16.9,9.7,
CWEA,PINAWA,2019-06-17,21.5,10.3,
CWEA,PINAWA,2019-06-18,24.3,7.5,
CWEA,PINAWA,2019-06-19,26.7,5.5,
CWEA,PINAWA,2019-06-20,27.2,6.9,
CWEA,PINAWA,2019-06-21,26.0,7.5,
CWEA,PINAWA,2019-06-22,20.6,13.0,
CWEA,PINAWA,2019-06-23,23.5,12.3,
CWEA,PINAWA,2019-06-24,24.9,9.9,
CWEA,PINAWA,2019-06-25,24.7,12.2,
CWEA,PINAWA,2019-06-26,25.5,10.7,
CWEA,PINAWA,2019-06-27,27.0,9.2,
CWEA,PINAWA,2019-06-28,29.0,8.7,
CWEA,PINAWA,2019-06-29,28.2,12.1,
CWEA,PINAWA,2019-06-30,30.2,18.8,
CWEA,PINAWA,2019-07-01,27.4,14.4,
CWEA,PINAWA,2019-07-02,27.4,14.4,
CWEA,PINAWA,2019-07-03,25.4,12.1,
CWEA,PINAWA,2019-07-04,21.8,8.3,
CWEA,PINAWA,2019-07-05,26.5,12.7,
CWEA,PINAWA,2019-07-06,22.8,11.4,
CWEA,PINAWA,2019-07-07,22.4,6.4,
CWEA,PINAWA,2019-07-08,28.3,7.3,
CWEA,PINAWA,2019-07-09,29.1,14.7,
CWEA,PINAWA,2019-07-10,22.8,15.1,
CWEA,PINAWA,2019-07-11,25.7,12.4,
CWEA,PINAWA,2019-07-12,28.3,9.3,
CWEA,PINAWA,2019-07-13,21.7,11.9,
CWEA,PINAWA,2019-07-14,27.9,9.4,
CWEA,PINAWA,2019-07-15,30.0,17.9,
CWEA,PINAWA,2019-07-16,28.6,17.0,
CWEA,PINAWA,2019-07-17,25.8,14.4,
CWEA,PINAWA,2019-07-18,25.0,12.2,
CWEA,PINAWA,2019-07-19,26.2,15.5,
CWEA,PINAWA,2019-07-20,27.2,12.9,
CWEA,PINAWA,2019-07-21,23.1,12.3,
CWEA,PINAWA,2019-07-22,23.0,7.8,
CWEA,PINAWA,2019-07-23,26.2,10.9,
CWEA,PINAWA,2019-07-24,29.0,13.5,
CWEA,PINAWA,2019-07-25,28.6,11.3,
CWEA,PINAWA,2019-07-26,22.2,16.0,
CWEA,PINAWA,2019-07-27,27.9,14.6,
CWEA,PINAWA,2019-07-28,28.4,14.2,
CWEA,PINAWA,2019-07-29,19.5,7.6,
CWEA,PINAWA,2019-07-30,23.9,4.1,
CWEA,PINAWA,2019-07-31,27.2,7.1,
CWEA,PINAWA,2019-08-01,29.7,17.7,
CWSU,SPRAGUE,2019-05-01,6,1.2,2.4
CWSU,SPRAGUE,2019-05-02,12.2,-1.2,2.8
CWSU,SPRAGUE,2019-05-03,12,-2,3.6
CWSU,SPRAGUE,2019-05-04,11.6,0.4,0
CWSU,SPRAGUE,2019-05-05,7.6,-2.8,0
CWSU,SPRAGUE,2019-05-06,5.4,-3.2,0
CWSU,SPRAGUE,2019-05-07,13.2,-8,0
CWSU,SPRAGUE,2019-05-08,15.8,-2.4,0
CWSU,SPRAGUE,2019-05-09,12.7,0.5,0
CWSU,SPRAGUE,2019-05-10,15.3,-5.7,0
CWSU,SPRAGUE,2019-05-11,20.9,6.1,0.2
CWSU,SPRAGUE,2019-05-12,18.2,5.5,0.2
CWSU,SPRAGUE,2019-05-13,22.9,2.4,0
CWSU,SPRAGUE,2019-05-14,20.8,-0.2,0
CWSU,SPRAGUE,2019-05-15,19.4,-3.8,3
CWSU,SPRAGUE,2019-05-16,13.9,1.4,0
CWSU,SPRAGUE,2019-05-17,14.6,-2.4,0
CWSU,SPRAGUE,2019-05-18,12.1,4.4,0
CWSU,SPRAGUE,2019-05-19,14.7,1,0
CWSU,SPRAGUE,2019-05-20,18.6,-2.3,0
CWSU,SPRAGUE,2019-05-21,21.1,-2,0
CWSU,SPRAGUE,2019-05-22,14.4,7.4,10.1
CWSU,SPRAGUE,2019-05-23,18.4,7,0.7
CWSU,SPRAGUE,2019-05-24,10.4,5,16.2
CWSU,SPRAGUE,2019-05-25,19.3,7.6,3.2
CWSU,SPRAGUE,2019-05-26,8.8,5.3,3.8
CWSU,SPRAGUE,2019-05-27,16.3,2.7,1.9
CWSU,SPRAGUE,2019-05-28,24.6,1.1,0
CWSU,SPRAGUE,2019-05-29,26.2,5,0
CWSU,SPRAGUE,2019-05-30,25.4,5.7,0
CWSU,SPRAGUE,2019-05-31,19.8,7.7,0
CWSU,SPRAGUE,2019-06-01,18.3,1.4,0
CWSU,SPRAGUE,2019-06-02,16.3,1.3,0
CWSU,SPRAGUE,2019-06-03,23.1,9.0,0.0
CWSU,SPRAGUE,2019-06-04,32.2,12.7,0.0
CWSU,SPRAGUE,2019-06-05,25.0,10.1,0.2
CWSU,SPRAGUE,2019-06-06,26.1,10.9,0.0
CWSU,SPRAGUE,2019-06-07,34.1,14.0,0.0
CWSU,SPRAGUE,2019-06-08,27.5,13.0,11.4
CWSU,SPRAGUE,2019-06-09,18.1,7.3,0.2
CWSU,SPRAGUE,2019-06-10,19.3,4.2,0.0
CWSU,SPRAGUE,2019-06-11,21.2,3.9,0.0
CWSU,SPRAGUE,2019-06-12,18.9,2.9,0.2
CWSU,SPRAGUE,2019-06-13,23.1,1.8,0.0
CWSU,SPRAGUE,2019-06-14,23.6,11.7,3.1
CWSU,SPRAGUE,2019-06-15,16.8,10.6,0.0
CWSU,SPRAGUE,2019-06-16,15.8,11.3,13.8
CWSU,SPRAGUE,2019-06-17,16.2,10.2,1.3
CWSU,SPRAGUE,2019-06-18,23.1,8.0,0.0
CWSU,SPRAGUE,2019-06-19,24.8,9.1,0.0
CWSU,SPRAGUE,2019-06-20,25.2,7.3,0.0
CWSU,SPRAGUE,2019-06-21,24.0,7.1,0.2
CWSU,SPRAGUE,2019-06-22,18.8,14.4,6.7
CWSU,SPRAGUE,2019-06-23,24.5,13.1,0.3
CWSU,SPRAGUE,2019-06-24,22.9,12.7,5.3
CWSU,SPRAGUE,2019-06-25,23.4,13.2,8.0
CWSU,SPRAGUE,2019-06-26,26.7,11.7,0.0
CWSU,SPRAGUE,2019-06-27,26.0,10.4,0.0
CWSU,SPRAGUE,2019-06-28,27.9,11.2,0.0
CWSU,SPRAGUE,2019-06-29,25.5,11.3,1.2
CWSU,SPRAGUE,2019-06-30,30.4,16.8,0.0
CWSU,SPRAGUE,2019-07-01,27.0,12.6,0.0
CWSU,SPRAGUE,2019-07-02,28.3,12.1,0.0
CWSU,SPRAGUE,2019-07-03,25.2,13.6,2.1
CWSU,SPRAGUE,2019-07-04,25.4,13.6,6.2
CWSU,SPRAGUE,2019-07-05,25.0,10.4,0.0
CWSU,SPRAGUE,2019-07-06,23.8,8.1,0.0
CWSU,SPRAGUE,2019-07-07,26.3,7.7,0.0
CWSU,SPRAGUE,2019-07-08,29.4,15.7,55.2
CWSU,SPRAGUE,2019-07-09,20.9,14.6,29.7
CWSU,SPRAGUE,2019-07-10,20.9,14.6,29.7
CWSU,SPRAGUE,2019-07-11,26.5,10.4,0.0
CWSU,SPRAGUE,2019-07-12,24.4,15.1,0.0
CWSU,SPRAGUE,2019-07-13,27.3,12.3,0.0
CWSU,SPRAGUE,2019-07-14,29.5,18.9,0.2
CWSU,SPRAGUE,2019-07-15,29.6,18.4,5.9
CWSU,SPRAGUE,2019-07-16,26.9,14.3,0.0
CWSU,SPRAGUE,2019-07-17,24.3,16.2,4.8
CWSU,SPRAGUE,2019-07-18,27.0,16.6,0.0
CWSU,SPRAGUE,2019-07-19,26.8,13.2,0.0
CWSU,SPRAGUE,2019-07-20,23.9,12.9,0.6
CWSU,SPRAGUE,2019-07-21,22.0,10.2,0.0
CWSU,SPRAGUE,2019-07-22,25.3,10.0,0.0
CWSU,SPRAGUE,2019-07-23,28.1,10.4,0.0
CWSU,SPRAGUE,2019-07-24,27.2,10.1,0.0
CWSU,SPRAGUE,2019-07-25,27.6,16.1,0.0
CWSU,SPRAGUE,2019-07-26,24.1,13.9,1.4
CWSU,SPRAGUE,2019-07-27,27.3,12.3,0.0
CWSU,SPRAGUE,2019-07-28,24.2,14.2,11.8
CWSU,SPRAGUE,2019-07-29,20.0,6.9,0.0
CWSU,SPRAGUE,2019-07-30,22.6,4.7,0.0
CWSU,SPRAGUE,2019-07-31,26.2,6.3,0.0
CWSU,SPRAGUE,2019-08-01,29.4,16.5,0.0
CWOO,MCCREARY,2019-05-01,12.4,-4.5,0
CWOO,MCCREARY,2019-05-02,16.1,-2.5,0
CWOO,MCCREARY,2019-05-03,16.1,4.3,2.2
CWOO,MCCREARY,2019-05-04,12.3,0.5,0
CWOO,MCCREARY,2019-05-05,2.8,-1.3,0.3
CWOO,MCCREARY,2019-05-06,8.1,-1.8,0
CWOO,MCCREARY,2019-05-07,16.9,-3.6,0
CWOO,MCCREARY,2019-05-08,8,-1.3,1.5
CWOO,MCCREARY,2019-05-09,11.3,-2.7,0
CWOO,MCCREARY,2019-05-10,17.1,0.4,0
CWOO,MCCREARY,2019-05-11,14.4,-0.2,0
CWOO,MCCREARY,2019-05-12,20.2,-1.3,0
CWOO,MCCREARY,2019-05-13,27.1,9.1,0
CWOO,MCCREARY,2019-05-14,16.5,6.5,0
CWOO,MCCREARY,2019-05-15,16.8,6.5,1.8
CWOO,MCCREARY,2019-05-16,11.5,-1,0
CWOO,MCCREARY,2019-05-17,16.2,-3.1,0
CWOO,MCCREARY,2019-05-18,11.5,-0.6,0
CWOO,MCCREARY,2019-05-19,14.8,1,0
CWOO,MCCREARY,2019-05-20,19.5,4.4,0
CWOO,MCCREARY,2019-05-21,,,
CWOO,MCCREARY,2019-05-22,,,
CWOO,MCCREARY,2019-05-23,20.8,4.7,0
CWOO,MCCREARY,2019-05-24,13.5,5.6,8.2
CWOO,MCCREARY,2019-05-25,15.7,4.8,1.6
CWOO,MCCREARY,2019-05-26,13.7,0.8,0.4
CWOO,MCCREARY,2019-05-27,20,-2.1,0
CWOO,MCCREARY,2019-05-28,26.5,11,0
CWOO,MCCREARY,2019-05-29,27.2,10.9,0
CWOO,MCCREARY,2019-05-30,29.4,8.6,0
CWOO,MCCREARY,2019-05-31,14.5,2.7,0
CWOO,MCCREARY,2019-06-01,17.2,1.8,0
CWOO,MCCREARY,2019-06-02,18.4,-1.1,0
CWOO,MCCREARY,2019-06-03,23.8,7.5,1.5
CWOO,MCCREARY,2019-06-04,21.3,9.9,0.0
CWOO,MCCREARY,2019-06-05,23.4,6.0,3.9
CWOO,MCCREARY,2019-06-06,25.1,6.0,0.0
CWOO,MCCREARY,2019-06-07,35.0,14.4,1.2
CWOO,MCCREARY,2019-06-08,22.4,8.2,1.7
CWOO,MCCREARY,2019-06-09,20.7,7.7,0.2
CWOO,MCCREARY,2019-06-10,21.5,5.2,0.0
CWOO,MCCREARY,2019-06-11,18.3,4.8,0.0
CWOO,MCCREARY,2019-06-12,22.6,3.0,0.0
CWOO,MCCREARY,2019-06-13,26.6,11.5,0.0
CWOO,MCCREARY,2019-06-14,25.5,13.0,0.0
CWOO,MCCREARY,2019-06-15,14.4,9.7,3.0
CWOO,MCCREARY,2019-06-16,17.3,10.1,0.3
CWOO,MCCREARY,2019-06-17,23.1,8.3,0.3
CWOO,MCCREARY,2019-06-18,23.8,5.3,0.0
CWOO,MCCREARY,2019-06-19,25.7,7.3,0.0
CWOO,MCCREARY,2019-06-20,24.8,8.7,0.0
CWOO,MCCREARY,2019-06-21,23.8,10.8,12.0
CWOO,MCCREARY,2019-06-22,22.1,11.6,6.5
CWOO,MCCREARY,2019-06-23,24.3,12.8,0.0
CWOO,MCCREARY,2019-06-24,25.4,12.2,2.6
CWOO,MCCREARY,2019-06-25,23.8,13.1,1.7
CWOO,MCCREARY,2019-06-26,26.3,12.6,0.0
CWOO,MCCREARY,2019-06-27,26.8,10.6,0.0
CWOO,MCCREARY,2019-06-28,28.4,12.6,0.0
CWOO,MCCREARY,2019-06-29,29.2,16.0,11.1
CWOO,MCCREARY,2019-06-30,27.2,15.4,0.0
CWOO,MCCREARY,2019-07-01,27.6,14.0,0.0
CWOO,MCCREARY,2019-07-02,23.1,13.9,3.9
CWOO,MCCREARY,2019-07-03,24.0,13.2,0.0
CWOO,MCCREARY,2019-07-04,25.4,11.7,0.0
CWOO,MCCREARY,2019-07-05,22.7,9.5,0.0
CWOO,MCCREARY,2019-07-06,24.8,8.0,0.0
CWOO,MCCREARY,2019-07-07,29.2,16.5,0.2
CWOO,MCCREARY,2019-07-08,30.6,17.4,0.0
CWOO,MCCREARY,2019-07-09,23.0,16.5,10.6
CWOO,MCCREARY,2019-07-10,24.9,15.7,3.0
CWOO,MCCREARY,2019-07-11,31.0,14.9,0.0
CWOO,MCCREARY,2019-07-12,24.1,13.3,0.0
CWOO,MCCREARY,2019-07-13,30.0,12.5,0.0
CWOO,MCCREARY,2019-07-14,33.0,18.5,3.1
CWOO,MCCREARY,2019-07-15,29.0,17.8,0.0
CWOO,MCCREARY,2019-07-16,25.6,14.1,0.0
CWOO,MCCREARY,2019-07-17,26.2,14.9,2.2
CWOO,MCCREARY,2019-07-18,28.6,14.8,0.2
CWOO,MCCREARY,2019-07-19,24.8,11.7,0.0
CWOO,MCCREARY,2019-07-20,22.3,12.6,3.4
CWOO,MCCREARY,2019-07-21,23.2,7.9,0.0
CWOO,MCCREARY,2019-07-22,27.8,13.1,0.0
CWOO,MCCREARY,2019-07-23,29.6,15.1,0.0
CWOO,MCCREARY,2019-07-24,31.3,17.8,0.0
CWOO,MCCREARY,2019-07-25,28.3,16.7,0.0
CWOO,MCCREARY,2019-07-26,24.9,16.0,0.3
CWOO,MCCREARY,2019-07-27,32.4,17.3,0.0
CWOO,MCCREARY,2019-07-28,27.4,15.0,0.0
CWOO,MCCREARY,2019-07-29,20.7,7.4,0.0
CWOO,MCCREARY,2019-07-30,26.2,7.3,0.0
CWOO,MCCREARY,2019-07-31,30.4,14.6,0.0
CWOO,MCCREARY,2019-08-01,30.0,16.4,0.0
CWWP,WASAGAMING,2019-05-01,10.7,-6,0
CWWP,WASAGAMING,2019-05-02,13.9,-6.5,0
CWWP,WASAGAMING,2019-05-03,13.4,0.9,2.9
CWWP,WASAGAMING,2019-05-04,8.8,-0.9,0.2
CWWP,WASAGAMING,2019-05-05,1.3,-3.3,0
CWWP,WASAGAMING,2019-05-06,7.1,-4.1,0
CWWP,WASAGAMING,2019-05-07,14.5,-6.9,0
CWWP,WASAGAMING,2019-05-08,6.9,-3.9,2
CWWP,WASAGAMING,2019-05-09,10.3,-8,0.2
CWWP,WASAGAMING,2019-05-10,16.2,-6.1,0
CWWP,WASAGAMING,2019-05-11,13.8,0.1,0
CWWP,WASAGAMING,2019-05-12,17.4,-2.9,0
CWWP,WASAGAMING,2019-05-13,23.6,4.2,0
CWWP,WASAGAMING,2019-05-14,17.9,3.1,0
CWWP,WASAGAMING,2019-05-15,14.6,2.3,3.7
CWWP,WASAGAMING,2019-05-16,11.7,-2.5,0.2
CWWP,WASAGAMING,2019-05-17,14.6,-5.2,0
CWWP,WASAGAMING,2019-05-18,10.1,-0.6,0
CWWP,WASAGAMING,2019-05-19,13.6,-2.7,0
CWWP,WASAGAMING,2019-05-20,18.5,0.9,0
CWWP,WASAGAMING,2019-05-21,20.1,0.8,0.4
CWWP,WASAGAMING,2019-05-22,17.3,2.7,0
CWWP,WASAGAMING,2019-05-23,20.5,1.9,0
CWWP,WASAGAMING,2019-05-24,13.2,2.5,7.6
CWWP,WASAGAMING,2019-05-25,16.8,1,3.7
CWWP,WASAGAMING,2019-05-26,12.4,-0.5,0.2
CWWP,WASAGAMING,2019-05-27,18.4,-4.2,0
CWWP,WASAGAMING,2019-05-28,25,-0.7,0
CWWP,WASAGAMING,2019-05-29,27.9,3.7,0
CWWP,WASAGAMING,2019-05-30,29.9,5.1,0.2
CWWP,WASAGAMING,2019-05-31,14.4,0.9,0
CWWP,WASAGAMING,2019-06-01,16.7,-1.8,0
CWWP,WASAGAMING,2019-06-02,17.2,-1.6,0
CWWP,WASAGAMING,2019-06-03,27.1,8.5,7.9
CWWP,WASAGAMING,2019-06-04,20.9,6.7,0.0
CWWP,WASAGAMING,2019-06-05,20.6,3.3,3.5
CWWP,WASAGAMING,2019-06-06,23.6,3.9,0.0
CWWP,WASAGAMING,2019-06-07,30.6,13.6,3.9
CWWP,WASAGAMING,2019-06-08,19.1,5.8,0.7
CWWP,WASAGAMING,2019-06-09,17.4,3.3,0.5
CWWP,WASAGAMING,2019-06-10,18.9,3.2,0.0
CWWP,WASAGAMING,2019-06-11,16.7,2.5,0.0
CWWP,WASAGAMING,2019-06-12,20.4,-0.8,0.0
CWWP,WASAGAMING,2019-06-13,23.8,3.5,0.0
CWWP,WASAGAMING,2019-06-14,23.8,11.6,0.0
CWWP,WASAGAMING,2019-06-15,14.0,8.0,7.9
CWWP,WASAGAMING,2019-06-16,15.6,7.9,2.9
CWWP,WASAGAMING,2019-06-17,20.4,5.3,0.4
CWWP,WASAGAMING,2019-06-18,22.4,1.7,0.0
CWWP,WASAGAMING,2019-06-19,22.4,4.1,0.0
CWWP,WASAGAMING,2019-06-20,21.8,8.2,0.0
CWWP,WASAGAMING,2019-06-21,21.0,8.1,10.0
CWWP,WASAGAMING,2019-06-22,19.8,10.0,1.9
CWWP,WASAGAMING,2019-06-23,20.2,9.5,0.0
CWWP,WASAGAMING,2019-06-24,23.8,5.9,0.0
CWWP,WASAGAMING,2019-06-25,21.5,7.4,0.0
CWWP,WASAGAMING,2019-06-26,23.6,6.1,0.0
CWWP,WASAGAMING,2019-06-27,25.7,7.7,0.0
CWWP,WASAGAMING,2019-06-28,26.6,11.2,0.0
CWWP,WASAGAMING,2019-06-29,26.8,14.3,8.2
CWWP,WASAGAMING,2019-06-30,24.2,9.6,0.0
CWWP,WASAGAMING,2019-07-01,25.1,8.2,1.7
CWWP,WASAGAMING,2019-07-02,18.4,8.4,3.7
CWWP,WASAGAMING,2019-07-03,20.5,5.9,0.0
CWWP,WASAGAMING,2019-07-04,22.2,5.3,0.0
CWWP,WASAGAMING,2019-07-05,21.1,8.3,0.0
CWWP,WASAGAMING,2019-07-06,23.1,5.3,0.0
CWWP,WASAGAMING,2019-07-07,25.9,11.9,4.3
CWWP,WASAGAMING,2019-07-08,27.5,15.8,0.0
CWWP,WASAGAMING,2019-07-09,21.5,14.1,13.4
CWWP,WASAGAMING,2019-07-10,24.2,11.4,0.5
CWWP,WASAGAMING,2019-07-11,27.8,10.0,0.0
CWWP,WASAGAMING,2019-07-12,22.7,9.4,0.0
CWWP,WASAGAMING,2019-07-13,26.8,6.5,0.0
CWWP,WASAGAMING,2019-07-14,29.3,16.8,3.2
CWWP,WASAGAMING,2019-07-15,25.3,13.9,0.0
CWWP,WASAGAMING,2019-07-16,24.8,10.2,0.0
CWWP,WASAGAMING,2019-07-17,23.8,14.2,0.2
CWWP,WASAGAMING,2019-07-18,24.2,10.5,4.0
CWWP,WASAGAMING,2019-07-19,19.8,8.0,0.0
CWWP,WASAGAMING,2019-07-20,21.5,9.6,0.0
CWWP,WASAGAMING,2019-07-21,22.5,4.9,0.0
CWWP,WASAGAMING,2019-07-22,25.7,5.6,0.0
CWWP,WASAGAMING,2019-07-23,26.9,7.0,0.0
CWWP,WASAGAMING,2019-07-24,28.9,9.8,0.0
CWWP,WASAGAMING,2019-07-25,24.8,14.7,0.0
CWWP,WASAGAMING,2019-07-26,23.8,13.8,1.4
CWWP,WASAGAMING,2019-07-27,28.5,10.4,0.0
CWWP,WASAGAMING,2019-07-28,23.1,13.5,0.4
CWWP,WASAGAMING,2019-07-29,20.1,4.9,0.0
CWWP,WASAGAMING,2019-07-30,24.5,1.9,0.3
CWWP,WASAGAMING,2019-07-31,27.9,12.6,0.0
CWWP,WASAGAMING,2019-08-01,27.7,9.7,0.0
CPOY,CYPRESS RIVER,2019-05-01,9.7,-5.3,0
CPOY,CYPRESS RIVER,2019-05-02,15.1,-3.1,0
CPOY,CYPRESS RIVER,2019-05-03,16.4,3.8,0.3
CPOY,CYPRESS RIVER,2019-05-04,12.5,0,0
CPOY,CYPRESS RIVER,2019-05-05,6.1,-4.4,0.2
CPOY,CYPRESS RIVER,2019-05-06,8.1,-5.3,0
CPOY,CYPRESS RIVER,2019-05-07,15.5,-4.7,0
CPOY,CYPRESS RIVER,2019-05-08,11.2,0,0
CPOY,CYPRESS RIVER,2019-05-09,11.7,-4.1,0
CPOY,CYPRESS RIVER,2019-05-10,18.7,-2.9,0
CPOY,CYPRESS RIVER,2019-05-11,18.9,6.3,0
CPOY,CYPRESS RIVER,2019-05-12,19.7,-2.1,0
CPOY,CYPRESS RIVER,2019-05-13,27.2,10.6,0
CPOY,CYPRESS RIVER,2019-05-14,18,6.6,0
CPOY,CYPRESS RIVER,2019-05-15,16.7,5.1,3
CPOY,CYPRESS RIVER,2019-05-16,13.9,0.5,0
CPOY,CYPRESS RIVER,2019-05-17,16.1,-3.5,0
CPOY,CYPRESS RIVER,2019-05-18,11.6,2.5,0
CPOY,CYPRESS RIVER,2019-05-19,14.9,1.2,0
CPOY,CYPRESS RIVER,2019-05-20,20.9,-1.9,0
CPOY,CYPRESS RIVER,2019-05-21,22.4,2.1,0
CPOY,CYPRESS RIVER,2019-05-22,14.5,7.7,0
CPOY,CYPRESS RIVER,2019-05-23,21.7,4.1,0
CPOY,CYPRESS RIVER,2019-05-24,11.7,6.7,12.5
CPOY,CYPRESS RIVER,2019-05-25,20.8,5.9,3.2
CPOY,CYPRESS RIVER,2019-05-26,6.6,0.4,14.2
CPOY,CYPRESS RIVER,2019-05-27,17.7,-1.2,0
CPOY,CYPRESS RIVER,2019-05-28,26.5,2.7,0
CPOY,CYPRESS RIVER,2019-05-29,28.5,7.1,0
CPOY,CYPRESS RIVER,2019-05-30,33.1,12.1,0
CPOY,CYPRESS RIVER,2019-05-31,15.8,4.9,0
CPOY,CYPRESS RIVER,2019-06-01,20.3,1.6,0
CPOY,CYPRESS RIVER,2019-06-02,20.3,0.7,0
CPOY,CYPRESS RIVER,2019-06-03,32.6,12.8,0.0
CPOY,CYPRESS RIVER,2019-06-04,26.8,10.0,0.0
CPOY,CYPRESS RIVER,2019-06-05,28.2,6.2,2.1
CPOY,CYPRESS RIVER,2019-06-06,27.3,8.0,0.0
CPOY,CYPRESS RIVER,2019-06-07,36.2,19.5,0.0
CPOY,CYPRESS RIVER,2019-06-08,21.8,9.7,7.7
CPOY,CYPRESS RIVER,2019-06-09,20.6,6.3,0.0
CPOY,CYPRESS RIVER,2019-06-10,21.1,4.3,0.0
CPOY,CYPRESS RIVER,2019-06-11,19.5,7.8,0.7
CPOY,CYPRESS RIVER,2019-06-12,21.4,3.4,0.0
CPOY,CYPRESS RIVER,2019-06-13,26.6,9.8,0.0
CPOY,CYPRESS RIVER,2019-06-14,26.3,9.1,0.0
CPOY,CYPRESS RIVER,2019-06-15,16.7,9.6,15.6
CPOY,CYPRESS RIVER,2019-06-16,15.0,9.5,3.1
CPOY,CYPRESS RIVER,2019-06-17,19.9,10.4,1.5
CPOY,CYPRESS RIVER,2019-06-18,22.6,6.4,0.0
CPOY,CYPRESS RIVER,2019-06-19,24.7,7.4,0.0
CPOY,CYPRESS RIVER,2019-06-20,23.6,8.9,0.0
CPOY,CYPRESS RIVER,2019-06-21,19.9,11.4,15.2
CPOY,CYPRESS RIVER,2019-06-22,21.7,12.0,0.0
CPOY,CYPRESS RIVER,2019-06-23,22.8,11.9,0.0
CPOY,CYPRESS RIVER,2019-06-24,26.6,10.6,0.0
CPOY,CYPRESS RIVER,2019-06-25,25.4,12.5,0.0
CPOY,CYPRESS RIVER,2019-06-26,27.2,10.0,0.0
CPOY,CYPRESS RIVER,2019-06-27,26.8,12.7,0.0
CPOY,CYPRESS RIVER,2019-06-28,28.3,13.2,0.0
CPOY,CYPRESS RIVER,2019-06-29,27.6,16.1,10.2
CPOY,CYPRESS RIVER,2019-06-30,28.6,16.5,0.0
CPOY,CYPRESS RIVER,2019-07-01,26.9,12.2,0.0
CPOY,CYPRESS RIVER,2019-07-02,22.5,13.1,3.9
CPOY,CYPRESS RIVER,2019-07-03,19.9,10.7,0.3
CPOY,CYPRESS RIVER,2019-07-04,24.8,10.2,0.0
CPOY,CYPRESS RIVER,2019-07-05,24.3,10.7,0.0
CPOY,CYPRESS RIVER,2019-07-06,24.8,7.0,0.0
CPOY,CYPRESS RIVER,2019-07-07,27.8,13.4,0.0
CPOY,CYPRESS RIVER,2019-07-08,29.9,18.3,0.0
CPOY,CYPRESS RIVER,2019-07-09,20.1,15.6,51.7
CPOY,CYPRESS RIVER,2019-07-10,25.7,14.9,6.5
CPOY,CYPRESS RIVER,2019-07-11,29.8,14.4,0.0
CPOY,CYPRESS RIVER,2019-07-12,25.2,14.8,0.0
CPOY,CYPRESS RIVER,2019-07-13,28.2,12.1,0.0
CPOY,CYPRESS RIVER,2019-07-14,29.6,18.4,12.2
CPOY,CYPRESS RIVER,2019-07-15,26.7,17.5,18.2
CPOY,CYPRESS RIVER,2019-07-16,26.1,13.5,0.0
CPOY,CYPRESS RIVER,2019-07-17,26.0,16.8,39.0
CPOY,CYPRESS RIVER,2019-07-18,26.5,14.8,1.3
CPOY,CYPRESS RIVER,2019-07-19,23.5,11.8,0.0
CPOY,CYPRESS RIVER,2019-07-20,22.9,11.1,0.7
CPOY,CYPRESS RIVER,2019-07-21,22.7,9.5,0.0
CPOY,CYPRESS RIVER,2019-07-22,25.7,10.4,0.0
CPOY,CYPRESS RIVER,2019-07-23,26.4,11.1,0.0
CPOY,CYPRESS RIVER,2019-07-24,28.4,14.1,0.0
CPOY,CYPRESS RIVER,2019-07-25,26.1,16.2,0.0
CPOY,CYPRESS RIVER,2019-07-26,23.5,15.2,0.9
CPOY,CYPRESS RIVER,2019-07-27,,,
CPOY,CYPRESS RIVER,2019-07-28,25.9,16.5,0.0
CPOY,CYPRESS RIVER,2019-07-29,20.7,7.4,0.0
CPOY,CYPRESS RIVER,2019-07-30,24.5,5.7,0.0
CPOY,CYPRESS RIVER,2019-07-31,29.3,11.4,0.0
CPOY,CYPRESS RIVER,2019-08-01,29.2,16.4,0.0
CPTG,KLEEFELD,2019-05-01,6.3,1.5,0.2
CPTG,KLEEFELD,2019-05-02,15.2,-1.8,0.2
CPTG,KLEEFELD,2019-05-03,14.2,5,5.3
CPTG,KLEEFELD,2019-05-04,12.9,3.5,0
CPTG,KLEEFELD,2019-05-05,5.8,-2.2,0
CPTG,KLEEFELD,2019-05-06,6.5,-4,0
CPTG,KLEEFELD,2019-05-07,14,-6.9,0
CPTG,KLEEFELD,2019-05-08,13.5,1.8,0
CPTG,KLEEFELD,2019-05-09,12.3,-1.3,0
CPTG,KLEEFELD,2019-05-10,16.5,-5.9,0
CPTG,KLEEFELD,2019-05-11,21.6,9.4,5.2
CPTG,KLEEFELD,2019-05-12,16.7,6.2,4.3
CPTG,KLEEFELD,2019-05-13,24.4,6.6,0
CPTG,KLEEFELD,2019-05-14,18.6,3.2,0
CPTG,KLEEFELD,2019-05-15,17.3,-0.6,6.6
CPTG,KLEEFELD,2019-05-16,12.4,0.3,0
CPTG,KLEEFELD,2019-05-17,16.8,-3.2,0
CPTG,KLEEFELD,2019-05-18,13.2,2.2,0
CPTG,KLEEFELD,2019-05-19,16.2,1.7,0
CPTG,KLEEFELD,2019-05-20,21.2,0.6,0
CPTG,KLEEFELD,2019-05-21,22.9,1.7,0.2
CPTG,KLEEFELD,2019-05-22,13.6,8,1.8
CPTG,KLEEFELD,2019-05-23,21.4,7.2,0.2
CPTG,KLEEFELD,2019-05-24,12.4,5.1,7.4
CPTG,KLEEFELD,2019-05-25,21.2,7.4,0.2
CPTG,KLEEFELD,2019-05-26,9.6,4.1,11.6
CPTG,KLEEFELD,2019-05-27,19.3,-1.1,0
CPTG,KLEEFELD,2019-05-28,26.1,2.2,0.3
CPTG,KLEEFELD,2019-05-29,26.9,4.8,0.3
CPTG,KLEEFELD,2019-05-30,30.2,10.8,0.2
CPTG,KLEEFELD,2019-05-31,30.2,10.8,0.2
CPTG,KLEEFELD,2019-06-01,,,
CPTG,KLEEFELD,2019-06-02,18.2,-1.1,0.3
CPTG,KLEEFELD,2019-06-03,27.1,10.2,0.0
CPTG,KLEEFELD,2019-06-04,30.6,13.7,0.2
CPTG,KLEEFELD,2019-06-05,26.4,8.5,0.4
CPTG,KLEEFELD,2019-06-06,27.4,8.7,0.3
CPTG,KLEEFELD,2019-06-07,35.5,17.4,1.7
CPTG,KLEEFELD,2019-06-08,24.5,11.4,11.4
CPTG,KLEEFELD,2019-06-09,19.5,9.5,0.9
CPTG,KLEEFELD,2019-06-10,19.6,7.1,0.0
CPTG,KLEEFELD,2019-06-11,19.2,5.8,0.3
CPTG,KLEEFELD,2019-06-12,20.1,2.1,0.2
CPTG,KLEEFELD,2019-06-13,25.0,6.3,0.0
CPTG,KLEEFELD,2019-06-14,26.0,11.9,0.0
CPTG,KLEEFELD,2019-06-15,19.0,9.7,0.0
CPTG,KLEEFELD,2019-06-16,17.8,10.9,2.1
CPTG,KLEEFELD,2019-06-17,21.3,11.5,14.4
CPTG,KLEEFELD,2019-06-18,23.7,11.1,0.0
CPTG,KLEEFELD,2019-06-19,26.2,7.8,0.0
CPTG,KLEEFELD,2019-06-20,26.7,8.3,0.0
CPTG,KLEEFELD,2019-06-21,24.2,10.5,1.4
CPTG,KLEEFELD,2019-06-22,20.9,13.8,3.9
CPTG,KLEEFELD,2019-06-23,24.0,12.9,0.0
CPTG,KLEEFELD,2019-06-24,25.7,11.0,1.5
CPTG,KLEEFELD,2019-06-25,25.2,13.4,0.0
CPTG,KLEEFELD,2019-06-26,27.7,10.5,0.2
CPTG,KLEEFELD,2019-06-27,28.5,11.4,0.0
CPTG,KLEEFELD,2019-06-28,29.4,11.7,0.3
CPTG,KLEEFELD,2019-06-29,27.4,14.6,0.4
CPTG,KLEEFELD,2019-06-30,30.1,17.7,0.0
CPTG,KLEEFELD,2019-07-01,27.6,13.4,0.3
CPTG,KLEEFELD,2019-07-02,26.3,14.0,0.0
CPTG,KLEEFELD,2019-07-03,23.2,12.0,3.1
CPTG,KLEEFELD,2019-07-04,26.3,12.9,0.3
CPTG,KLEEFELD,2019-07-05,25.0,10.3,0.0
CPTG,KLEEFELD,2019-07-06,24.8,6.1,0.7
CPTG,KLEEFELD,2019-07-07,28.1,9.6,0.2
CPTG,KLEEFELD,2019-07-08,30.5,15.2,56.5
CPTG,KLEEFELD,2019-07-09,30.5,15.2,56.5
CPTG,KLEEFELD,2019-07-10,,,
CPTG,KLEEFELD,2019-07-11,27.9,12.9,0.0
CPTG,KLEEFELD,2019-07-12,24.0,15.3,0.2
CPTG,KLEEFELD,2019-07-13,28.0,12.6,0.0
CPTG,KLEEFELD,2019-07-14,28.9,18.5,19.9
CPTG,KLEEFELD,2019-07-15,28.2,17.9,15.9
CPTG,KLEEFELD,2019-07-16,26.1,15.3,0.0
CPTG,KLEEFELD,2019-07-17,24.5,16.3,6.4
CPTG,KLEEFELD,2019-07-18,27.0,16.0,4.8
CPTG,KLEEFELD,2019-07-19,26.4,14.9,0.2
CPTG,KLEEFELD,2019-07-20,23.7,12.8,4.0
CPTG,KLEEFELD,2019-07-21,23.3,9.7,0.2
CPTG,KLEEFELD,2019-07-22,25.8,10.4,0.0
CPTG,KLEEFELD,2019-07-23,28.1,11.1,0.0
CPTG,KLEEFELD,2019-07-24,28.0,13.9,0.2
CPTG,KLEEFELD,2019-07-25,28.5,16.4,0.0
CPTG,KLEEFELD,2019-07-26,24.6,15.3,1.6
CPTG,KLEEFELD,2019-07-27,28.0,15.0,0.5
CPTG,KLEEFELD,2019-07-28,27.4,16.2,0.2
CPTG,KLEEFELD,2019-07-29,21.5,8.7,0.0
CPTG,KLEEFELD,2019-07-30,23.6,5.3,1.3
CPTG,KLEEFELD,2019-07-31,27.2,12.5,0.2
CPTG,KLEEFELD,2019-08-01,30.2,16.8,0.0
